{
    "format_version": "1.16.100",
    "minecraft:item": {
        "description": {
          "identifier": "new:redstone_sickle",
          "category": "Equipment"
        },
      "components": {
        "minecraft:icon": {
          "texture": "redstone_sickle"
        },
        "minecraft:repairable": {
          "repair_items": [
            {
              "items": [
                "minecraft:redstone",
                "new:redstone_sickle"
              ]
            }
          ]
        },
        "minecraft:can_destroy_in_creative": false,
        "minecraft:digger": {
          "on_dig": {
            "event": "durability_attack",
            "target": "self"
          },
          "use_efficiency": true,
          "destroy_speeds": [
            {
              "block": "minecraft:leaves",
              "speed": 5,
              "on_dig": {
                "event": "pickaxe_function",
                "target": "self"
              }
            },
            {
              "block": "minecraft:leaves2",
              "speed": 5,
              "on_dig": {
                "event": "pickaxe_function",
                "target": "self"
              }
            },
            {
              "block": "minecraft:tallgrass",
              "speed": 5,
              "on_dig": {
                "event": "new:tallgras_destroy",
                "target": "self"
              }
            },
            {
              "block": "minecraft:seagrass",
              "speed": 5,
              "on_dig": {
                "event": "new:tallgras_destroy",
                "target": "self"
              }
            },
            {
              "block": "minecraft:double_plant",
              "speed": 5,
              "on_dig": {
                "event": "new:tallgras_destroy",
                "target": "self"
              }
            },
            {
              "block": "minecraft:yellow_flower",
              "speed": 5,
              "on_dig": {
                "event": "new:tallgras_destroy",
                "target": "self"
              }
            },
            {
              "block": "minecraft:red_flower",
              "speed": 5,
              "on_dig": {
                "event": "new:tallgras_destroy",
                "target": "self"
              }
            }
          ]
        },
        "minecraft:enchantable": {
          "value": 10,
          "slot": "hoe"
        },
        "minecraft:display_name": {},
        "minecraft:on_use_on": {
          "on_use_on": {
            "event": "new:hoe_in_area"
          }
        },
        "minecraft:damage": 2,
        "minecraft:mining_speed": 8,
        "minecraft:durability": {
            "max_durability": 627
          },
        "minecraft:max_stack_size": 1,
        "minecraft:hand_equipped": false,
        "minecraft:creative_category": {
          "parent": "itemGroup.name.hoe"
        },
        "minecraft:render_offset": {
          "main_hand": {
            "first_person": {
              "scale": 0
            },
            "third_person": {
              "scale": 0
            }
          }
        }
      },
      "events": {
        "durability_attack": {
          "damage": {
            "type": "durability",
            "amount": 1
          }
        },
        "pickaxe_function": {
          "sequence": [
            {
              "damage": {
                "type": "durability",
                "amount": 2
              }
            },
            {
              "condition": "!query.is_sneaking",
              "run_command": {
                "command": [
                  "summon new:sickle ~~~",
                  "execute @e[type=new:sickle,r=1] ~~~ detect ~~~1 air 0 event entity @s new:sickle1",
                  "execute @e[type=new:sickle,r=1] ~~~ detect ~1~~ air 0 event entity @s new:sickle2",
                  "execute @e[type=new:sickle,r=1] ~~~ detect ~~~-1 air 0 event entity @s new:sickle1",
                  "execute @e[type=new:sickle,r=1] ~~~ detect ~-1~~ air 0 event entity @s new:sickle2"
                ],
                "target": "block"
              }
            },
            {
              "condition": "query.is_sneaking",
              "run_command": {
                "command": [
                  "summon new:sickle ~~~",
                  "execute @e[type=new:sickle,r=1] ~~~ detect ~~1~ air 0 event entity @s new:sickle3",
                  "execute @e[type=new:sickle,r=1] ~~~ detect ~~-1~ air 0 event entity @s new:sickle3"
  
                ],
                "target": "block"
              }
            }
          ]
        },
        "new:hoe_in_area": {
          "sequence": [
            {
              "damage": {
                "type": "durability",
                "amount": 2
              }
            },
            {
              "shoot": {
                "projectile": "new:hoe_in_area",
                "launch_power": 3,
                "angle_offset": 3
              }
            }
          ]
        },
        "new:tallgras_destroy": {
          "sequence": [
            {
              "damage": {
                "type": "durability",
                "amount": 1,
                "target": "self"
              }
            },
            {
              "run_command": {
                "command": [
                  "fill ~-1~~-1~1~~1 air 0 destroy"
                ],
                "target": "holder"
              }
            }
          ]
        }
      }
    }
  }