{
  "format_version":"1.10.0",
    "animation_controllers": {
      "controller.animation.gold_hammer_down": {
        "states": {
          "default": {
            "transitions": [
              {
                "gold_hammer_down": "(query.mark_variant == 2) && (query.is_using_item == 1.0)"
              }
            ],
            "on_entry": [
              "/function wood_hammer/down",
              "/function traduccion"
            ]
          },
          "gold_hammer_down": {
            "transitions": [
              {
                "default": "(query.mark_variant == 2) && (query.is_using_item == 1.0)"
              }
            ],
            "on_entry": [
              "/function wood_hammer/down",
              "/function traduccion"
            ]
          }
        }
      }
    }
  }
}
