{
  "format_version":"1.10.0",
    "animation_controllers": {
      "controller.animation.iron_hammer_down": {
        "states": {
          "default": {
            "transitions": [
              {
                "iron_hammer_down": "(query.mark_variant == 4) && (query.is_using_item == 1.0)"
              }
            ],
            "on_entry": [
              "/function iron_hammer/down",
              "/function iron_hammer/traduccion"
            ]
          },
          "iron_hammer_down": {
            "transitions": [
              {
                "default": "(query.mark_variant == 4) && (query.is_using_item == 1.0)"
              }
            ],
            "on_entry": [
              "/function iron_hammer/down",
              "/function iron_hammer/traduccion"
            ]
          }
        }
      }
    }
  }
}
