{
  "format_version":"1.10.0",
    "animation_controllers": {
      "controller.animation.obsidian_hammer": {
        "states": {
          "default": {
            "transitions": [
              {
                "obsidian_hammer": "(query.get_equipped_item_name == 'obsidian_hammer') && (query.is_using_item == 1.0)"
              }
            ],
            "on_entry": [
              "/function obsidian_hammer/stone",
              "/function cobblestone",
              "/function sandstone",
              "/function netherrack",
              "/function end_stone",
              "/function coal_ore",
              "/function quartz_ore",
              "/function iron_ore",
              "/function lapis_ore",
              "/function gold_ore",
              "/function redstone_ore",
              "/function emerald_ore",
              "/function diamond_ore",
              "/function obsidian",
              "/function bedrock"
            ]
          },
          "obsidian_hammer": {
            "transitions": [
              {
                "default": "(query.get_equipped_item_name == 'obsidian_hammer') && (query.is_using_item == 1.0)"
              }
            ],
            "on_entry": [
              "/function obsidian_hammer/stone",
              "/function cobblestone",
              "/function sandstone",
              "/function netherrack",
              "/function end_stone",
              "/function coal_ore",
              "/function quartz_ore",
              "/function iron_ore",
              "/function lapis_ore",
              "/function gold_ore",
              "/function redstone_ore",
              "/function emerald_ore",
              "/function diamond_ore",
              "/function obsidian",
              "/function bedrock"
            ]
          }
        }
      }
    }
  }
}
