{
  "format_version":"1.10.0",
    "animation_controllers": {
      "controller.animation.obsidian_hammer_down": {
        "states": {
          "default": {
            "transitions": [
              {
                "obsidian_hammer_down": "(query.mark_variant == 6) && (query.is_using_item == 1.0)"
              }
            ],
            "on_entry": [
              "/function diamond_hammer/down"
            ]
          },
          "obsidian_hammer_down": {
            "transitions": [
              {
                "default": "(query.mark_variant == 6) && (query.is_using_item == 1.0)"
              }
            ],
            "on_entry": [
              "/function diamond_hammer/down"
            ]
          }
        }
      }
    }
  }
}
