{
  "format_version": "1.10.0",
  "animation_controllers": {
    "controller.animation.player": {
      "initial_state": "default",
      "states": {
        "default": {
          "animations": [
            "wood_hammer",
            "stone_hammer",
            "gold_hammer",
            "iron_hammer",
            "diamond_hammer",
            "obsidian_hammer",
            "wood_hammer_down",
            "gold_hammer_down",
            "stone_hammer_down",
            "iron_hammer_down",
            "diamond_hammer_down",
            "obsidian_hammer_down"
          ]
        }
      }
    }
  }
}