{
  "format_version":"1.10.0",
    "animation_controllers": {
      "controller.animation.wood_hammer": {
        "states": {
          "default": {
            "transitions": [
              {
                "wood_hammer": "(query.get_equipped_item_name == 'wood_hammer') && (query.is_using_item == 1.0)"
              }
            ],
            "on_entry": [
              "/function stone",
              "/function cobblestone",
              "/function sandstone",
              "/function netherrack",
              "/function end_stone",
              "/function coal_ore",
              "/function quartz_ore",
              "/function traduccion"
            ]
          },
          "wood_hammer": {
            "transitions": [
              {
                "default": "(query.get_equipped_item_name == 'wood_hammer') && (query.is_using_item == 1.0)"
              }
            ],
            "on_entry": [
              "/function stone",
              "/function cobblestone",
              "/function sandstone",
              "/function netherrack",
              "/function end_stone",
              "/function coal_ore",
              "/function quartz_ore",
              "/function traduccion"
            ]
          }
        }
      }
    }
  }
}
