{
	"resource_pack-name": "vanilla",
	"texture_name": "atlas.items",
	"texture_data": {
		"diamond_hammer": {
			"textures": "textures/items/diamond_hammer.png"
		},
		"gold_hammer": {
			"textures": "textures/items/gold_hammer.png"
		},
		"stone_hammer": {
			"textures": "textures/items/stone_hammer.png"
		},
		"wood_hammer": {
			"textures": "textures/items/wood_hammer.png"
		},
		"iron_hammer": {
			"textures": "textures/items/iron_hammer.png"
		},
		"obsidian_hammer": {
			"textures": "textures/items/obsidian_hammer.png"
		}
	}
}