{
	"format_version": "1.12.0",
	"minecraft:geometry": [
		{
			"description": {
				"identifier": "geometry.great_axe2",
				"texture_width": 32,
				"texture_height": 32,
				"visible_bounds_width": 3,
				"visible_bounds_height": 2.5,
				"visible_bounds_offset": [0, 0.75, 0]
			},
			"bones": [
				{
					"name": "rightitem",
					"pivot": [0, 0, 0],
					"cubes": [
						{
							"origin": [-1, 12, -1],
							"size": [2, 1, 2],
							"uv": {
								"north": {"uv": [4, 3], "uv_size": [2, 1]},
								"east": {"uv": [6, 3], "uv_size": [2, 1]},
								"south": {"uv": [8, 6], "uv_size": [2, 1]},
								"west": {"uv": [10, 9], "uv_size": [2, 1]},
								"up": {"uv": [11, 0], "uv_size": [2, 2]},
								"down": {"uv": [11, 4], "uv_size": [2, -2]}
							}
						},
						{
							"origin": [-2, 12.999, -1.5],
							"size": [4, 3, 3],
							"uv": {
								"north": {"uv": [0, 0], "uv_size": [4, 3]},
								"east": {"uv": [4, 7], "uv_size": [3, 3]},
								"south": {"uv": [0, 3], "uv_size": [4, 3]},
								"west": {"uv": [7, 7], "uv_size": [3, 3]},
								"up": {"uv": [0, 0], "uv_size": [4, 3]},
								"down": {"uv": [4, 3], "uv_size": [4, -3]}
							}
						},
						{
							"origin": [1.2, 13.08, -0.5],
							"size": [2.05, 2.89, 2.05],
							"pivot": [2.75, 16, 0],
							"rotation": [0, -45, 0],
							"uv": {
								"north": {"uv": [8, 0], "uv_size": [2.25, 3]},
								"east": {"uv": [8, 3], "uv_size": [2.25, 3]},
								"south": {"uv": [4, 10], "uv_size": [2.25, 3]},
								"west": {"uv": [7, 10], "uv_size": [2.25, 3]},
								"up": {"uv": [10, 10], "uv_size": [2.25, 2.25]},
								"down": {"uv": [10, 8.25], "uv_size": [2.25, -2.25]}
							}
						},
						{
							"origin": [-0.5, 1, -0.5],
							"size": [1, 11, 1],
							"uv": {
								"north": {"uv": [0, 6], "uv_size": [1, 11]},
								"east": {"uv": [1, 6], "uv_size": [1, 11]},
								"south": {"uv": [2, 6], "uv_size": [1, 11]},
								"west": {"uv": [3, 6], "uv_size": [1, 11]},
								"up": {"uv": [12, 13], "uv_size": [1, 1]},
								"down": {"uv": [13, 14], "uv_size": [1, -1]}
							}
						},
						{
							"origin": [-1, 0, -1],
							"size": [2, 1, 2],
							"uv": {
								"north": {"uv": [12, 9], "uv_size": [2, 1]},
								"east": {"uv": [6, 13], "uv_size": [2, 1]},
								"south": {"uv": [8, 13], "uv_size": [2, 1]},
								"west": {"uv": [10, 13], "uv_size": [2, 1]},
								"up": {"uv": [11, 4], "uv_size": [2, 2]},
								"down": {"uv": [4, 15], "uv_size": [2, -2]}
							}
						}
					]
				}
			]
		}
	]
}