{
	"format_version": "1.12.0",
	"minecraft:geometry": [
		{
			"description": {
				"identifier": "geometry.hammer",
				"texture_width": 32,
				"texture_height": 32,
				"visible_bounds_width": 3,
				"visible_bounds_height": 2.5,
				"visible_bounds_offset": [0, 0.75, 0]
			},
			"bones": [
				{
					"name": "rightitem",
					"pivot": [0, 4, 1],
					"cubes": [
						{
							"origin": [-3.5, 9.5, -0.5],
							"size": [0.5, 3, 3],
							"uv": {
								"north": {"uv": [6, 14], "uv_size": [1, 3]},
								"east": {"uv": [12, 3], "uv_size": [3, 3]},
								"south": {"uv": [7, 14], "uv_size": [1, 3]},
								"west": {"uv": [12, 6], "uv_size": [3, 3]},
								"up": {"uv": [14, 14], "uv_size": [1, 3]},
								"down": {"uv": [15, 18], "uv_size": [1, -3]}
							}
						},
						{
							"origin": [3, 9.5, -0.5],
							"size": [0.5, 3, 3],
							"uv": {
								"north": {"uv": [15, 3], "uv_size": [1, 3]},
								"east": {"uv": [8, 13], "uv_size": [3, 3]},
								"south": {"uv": [15, 6], "uv_size": [1, 3]},
								"west": {"uv": [11, 13], "uv_size": [3, 3]},
								"up": {"uv": [15, 9], "uv_size": [1, 3]},
								"down": {"uv": [15, 15], "uv_size": [1, -3]}
							}
						},
						{
							"origin": [-2.5, 13, -0.5],
							"size": [5, 0.5, 3],
							"uv": {
								"north": {"uv": [6, 4], "uv_size": [5, 1]},
								"east": {"uv": [8, 16], "uv_size": [3, 1]},
								"south": {"uv": [6, 5], "uv_size": [5, 1]},
								"west": {"uv": [11, 16], "uv_size": [3, 1]},
								"up": {"uv": [8, 10], "uv_size": [5, 3]},
								"down": {"uv": [12, 3], "uv_size": [5, -3]}
							}
						},
						{
							"origin": [-3, 9, -1],
							"size": [6, 4, 4],
							"uv": {
								"north": {"uv": [0, 0], "uv_size": [6, 4]},
								"east": {"uv": [0, 8], "uv_size": [4, 4]},
								"south": {"uv": [0, 4], "uv_size": [6, 4]},
								"west": {"uv": [4, 10], "uv_size": [4, 4]},
								"up": {"uv": [6, 6], "uv_size": [6, 4]},
								"down": {"uv": [6, 4], "uv_size": [6, -4]}
							}
						},
						{
							"origin": [-1, 8, 0],
							"size": [2, 1, 2],
							"uv": {
								"north": {"uv": [4, 16], "uv_size": [2, 1]},
								"east": {"uv": [16, 16], "uv_size": [2, 1]},
								"south": {"uv": [16, 3], "uv_size": [2, 1]},
								"west": {"uv": [16, 4], "uv_size": [2, 1]},
								"up": {"uv": [4, 8], "uv_size": [2, 2]},
								"down": {"uv": [13, 11], "uv_size": [2, -2]}
							}
						},
						{
							"origin": [-0.5, -3, 0.5],
							"size": [1, 11, 1],
							"uv": {
								"north": {"uv": [0, 12], "uv_size": [1, 11]},
								"east": {"uv": [1, 12], "uv_size": [1, 11]},
								"south": {"uv": [2, 12], "uv_size": [1, 11]},
								"west": {"uv": [3, 12], "uv_size": [1, 11]},
								"up": {"uv": [11, 4], "uv_size": [1, 1]},
								"down": {"uv": [11, 6], "uv_size": [1, -1]}
							}
						},
						{
							"origin": [-1, -4, 0],
							"size": [2, 1, 2],
							"uv": {
								"north": {"uv": [16, 5], "uv_size": [2, 1]},
								"east": {"uv": [16, 6], "uv_size": [2, 1]},
								"south": {"uv": [16, 7], "uv_size": [2, 1]},
								"west": {"uv": [16, 8], "uv_size": [2, 1]},
								"up": {"uv": [13, 11], "uv_size": [2, 2]},
								"down": {"uv": [4, 16], "uv_size": [2, -2]}
							}
						}
					]
				}
			]
		}
	]
}