{
	"format_version": "1.12.0",
	"minecraft:geometry": [
		{
			"description": {
				"identifier": "geometry.sickle",
				"texture_width": 16,
				"texture_height": 16,
				"visible_bounds_width": 3,
				"visible_bounds_height": 2.5,
				"visible_bounds_offset": [0, 0.75, 0]
			},
			"bones": [
				{
					"name": "rightitem",
					"pivot": [8, -4, -8],
					"cubes": [
						{
							"origin": [-1, 1, -1],
							"size": [2, 1, 2],
							"uv": {
								"north": {"uv": [3, 8], "uv_size": [2, 1]},
								"east": {"uv": [8, 8], "uv_size": [2, 1]},
								"south": {"uv": [8, 0], "uv_size": [2, 1]},
								"west": {"uv": [8, 1], "uv_size": [2, 1]},
								"up": {"uv": [0, 0], "uv_size": [2, 2]},
								"down": {"uv": [0, 4], "uv_size": [2, -2]}
							}
						},
						{
							"origin": [-1, -4, -1],
							"size": [2, 1, 2],
							"uv": {
								"north": {"uv": [8, 2], "uv_size": [2, 1]},
								"east": {"uv": [8, 3], "uv_size": [2, 1]},
								"south": {"uv": [8, 4], "uv_size": [2, 1]},
								"west": {"uv": [8, 7], "uv_size": [2, 1]},
								"up": {"uv": [2, 2], "uv_size": [2, 2]},
								"down": {"uv": [2, 2], "uv_size": [2, -2]}
							}
						},
						{
							"origin": [-2.55, 4.6, -0.5],
							"size": [1, 4, 1],
							"pivot": [-2.05, 11.6, 0],
							"rotation": [0, 0, -45],
							"uv": {
								"north": {"uv": [0, 4], "uv_size": [1, 4]},
								"east": {"uv": [1, 4], "uv_size": [1, 4]},
								"south": {"uv": [2, 4], "uv_size": [1, 4]},
								"west": {"uv": [3, 4], "uv_size": [1, 4]},
								"up": {"uv": [9, 5], "uv_size": [1, 1]},
								"down": {"uv": [9, 11], "uv_size": [1, -1]}
							}
						},
						{
							"origin": [4.501, 0.5, -0.5],
							"size": [0.999, 3.999, 0.999],
							"pivot": [5, 7.5, 0],
							"rotation": [0, 0, 45],
							"uv": {
								"north": {"uv": [4, 4], "uv_size": [1, 4]},
								"east": {"uv": [4, 0], "uv_size": [1, 4]},
								"south": {"uv": [5, 5], "uv_size": [1, 4]},
								"west": {"uv": [5, 0], "uv_size": [1, 4]},
								"up": {"uv": [10, 10], "uv_size": [1, 1]},
								"down": {"uv": [10, 1], "uv_size": [1, -1]}
							}
						},
						{
							"origin": [-8.6502, 6.7, -0.5],
							"size": [2.0002, 1, 1],
							"pivot": [-7.15, 13.7, 0],
							"rotation": [0, 0, -45],
							"uv": {
								"north": {"uv": [0, 9], "uv_size": [2, 1]},
								"east": {"uv": [10, 1], "uv_size": [1, 1]},
								"south": {"uv": [2, 9], "uv_size": [2, 1]},
								"west": {"uv": [10, 2], "uv_size": [1, 1]},
								"up": {"uv": [4, 9], "uv_size": [2, 1]},
								"down": {"uv": [8, 10], "uv_size": [2, -1]}
							}
						},
						{
							"origin": [-2.55, 8.82, -0.5],
							"size": [3, 1, 1],
							"uv": {
								"north": {"uv": [5, 4], "uv_size": [3, 1]},
								"east": {"uv": [10, 3], "uv_size": [1, 1]},
								"south": {"uv": [6, 5], "uv_size": [3, 1]},
								"west": {"uv": [10, 4], "uv_size": [1, 1]},
								"up": {"uv": [7, 6], "uv_size": [3, 1]},
								"down": {"uv": [0, 9], "uv_size": [3, -1]}
							}
						},
						{
							"origin": [2.25, 5, -0.5001],
							"size": [1, 2.0001, 0.99],
							"uv": {
								"north": {"uv": [0, 10], "uv_size": [1, 2]},
								"east": {"uv": [1, 10], "uv_size": [1, 2]},
								"south": {"uv": [2, 10], "uv_size": [1, 2]},
								"west": {"uv": [3, 10], "uv_size": [1, 2]},
								"up": {"uv": [10, 5], "uv_size": [1, 1]},
								"down": {"uv": [10, 7], "uv_size": [1, -1]}
							}
						},
						{
							"origin": [-3.9701, 6.9, -0.5],
							"size": [1.0001, 1.5001, 1.0001],
							"uv": {
								"north": {"uv": [4, 10], "uv_size": [1, 1.5]},
								"east": {"uv": [5, 10], "uv_size": [1, 1.5]},
								"south": {"uv": [6, 10], "uv_size": [1, 1.5]},
								"west": {"uv": [8, 10], "uv_size": [1, 1.5]},
								"up": {"uv": [10, 7], "uv_size": [1, 1]},
								"down": {"uv": [10, 9], "uv_size": [1, -1]}
							}
						},
						{
							"origin": [-0.501, 2, -0.499],
							"size": [1.001, 1.001, 1.001],
							"uv": {
								"north": {"uv": [10, 9], "uv_size": [1, 1]},
								"east": {"uv": [7, 11], "uv_size": [1, 1]},
								"south": {"uv": [9, 11], "uv_size": [1, 1]},
								"west": {"uv": [10, 11], "uv_size": [1, 1]},
								"up": {"uv": [11, 11], "uv_size": [1, 1]},
								"down": {"uv": [11, 1], "uv_size": [1, -1]}
							}
						},
						{
							"origin": [-0.5, -3, -0.5],
							"size": [1, 4, 1],
							"uv": {
								"north": {"uv": [6, 6], "uv_size": [1, 4]},
								"east": {"uv": [6, 0], "uv_size": [1, 4]},
								"south": {"uv": [7, 7], "uv_size": [1, 4]},
								"west": {"uv": [7, 0], "uv_size": [1, 4]},
								"up": {"uv": [11, 1], "uv_size": [1, 1]},
								"down": {"uv": [11, 3], "uv_size": [1, -1]}
							}
						}
					]
				}
			]
		}
	]
}