{
	"format_version": "1.10.0",
	"minecraft:attachable": {
		"description": {
			"identifier": "new:obsidian_sickle",
			"materials": {
				"default": "entity_alphatest",
				"enchanted": "entity_alphatest_glint"
			},
			"textures": {
				"default": "textures/sickle/obsidian_sickle",
				"enchanted": "textures/misc/enchanted_item_glint"
			},
			"geometry": {
				"default": "geometry.sickle"
			},
			"animations": {
				"first_person": "animation.player.sickle_tool.first_person",
				"default": "animation.player.sickle_tool"
			},
			"scripts": {
				"animate": [
					{
						"first_person": "c.is_first_person && c.item_slot == 'main_hand' && q.get_equipped_item_name == 'obsidian_sickle'"
					},
					{
						"default": "!c.is_first_person && c.item_slot == 'main_hand' && q.get_equipped_item_name == 'obsidian_sickle'"
					}
				]
			},
			"render_controllers": [
				"controller.render.hammer"
			]
		}
	}
}