{
  "format_version": "1.10.0",
  "animation_controllers": {
    "controller.animation.treeitem": {
      "initial_state": "default",
      "states": {
        "default": {
          "on_entry": [
            "/tag @s[name=\"Iron Great Axe\"] add iron_great_axe",
            "/tag @s[name=\"Gran Hacha de Hierro\"] add iron_great_axe",
            "/tag @s[name=\"Diamond Great Axe\"] add diamond_great_axe",
            "/tag @s[name=\"Gran Hacha de Diamante\"] add diamond_great_axe",
            "/tag @s[name=\"Netherite Great Axe\"] add netherite_great_axe",
            "/tag @s[name=\"Gran Hacha de Netherite\"] add netherite_great_axe",
            "/tag @s[name=\"Gold Great Axe\"] add gold_great_axe",
            "/tag @s[name=\"Gran Hacha de Oro\"] add gold_great_axe",
            "/tag @s[name=\"Wood Great Axe\"] add wood_great_axe",
            "/tag @s[name=\"Gran Hacha de Madera\"] add wood_great_axe",
            "/tag @s[name=\"Obsidian Great Axe\"] add obsidian_great_axe",
            "/tag @s[name=\"Gran Hacha de Obsidiana\"] add obsidian_great_axe",
            "/tag @s[name=\"Emerald Great Axe\"] add emerald_great_axe",
            "/tag @s[name=\"Gran Hacha de Esmeralda\"] add emerald_great_axe",
            "/tag @s[name=\"Lapis Great Axe\"] add lapis_great_axe",
            "/tag @s[name=\"Gran Hacha de Lapis\"] add lapis_great_axe",
            "/tag @s[name=\"Stone Great Axe\"] add stone_great_axe",
            "/tag @s[name=\"Gran Hacha de Piedra\"] add stone_great_axe",
            "/tag @s[name=\"Redstone Great Axe\"] add redstone_great_axe",
            "/tag @s[name=\"Gran Hacha de Redstone\"] add redstone_great_axe",

            "/tag @s[name=\"Iron Hammer\"] add iron_hammer",
            "/tag @s[name=\"Martillo de Hierro\"] add iron_hammer",
            "/tag @s[name=\"Diamond Hammer\"] add diamond_hammer",
            "/tag @s[name=\"Martillo de Diamante\"] add diamond_hammer",
            "/tag @s[name=\"Netherite Hammer\"] add netherite_hammer",
            "/tag @s[name=\"Martillo de Netherite\"] add netherite_hammer",
            "/tag @s[name=\"Gold Hammer\"] add gold_hammer",
            "/tag @s[name=\"Martillo de Oro\"] add gold_hammer",
            "/tag @s[name=\"Wood Hammer\"] add wood_hammer",
            "/tag @s[name=\"Martillo de Madera\"] add wood_hammer",
            "/tag @s[name=\"Obsidian Hammer\"] add obsidian_hammer",
            "/tag @s[name=\"Martillo de Obsidiana\"] add obsidian_hammer",
            "/tag @s[name=\"Emerald Hammer\"] add emerald_hammer",
            "/tag @s[name=\"Martillo de Esmeralda\"] add emerald_hammer",
            "/tag @s[name=\"Lapis Hammer\"] add lapis_hammer",
            "/tag @s[name=\"Martillo de Lapis\"] add lapis_hammer",
            "/tag @s[name=\"Stone Hammer\"] add stone_hammer",
            "/tag @s[name=\"Martillo de Piedra\"] add stone_hammer",
            "/tag @s[name=\"Redstone Hammer\"] add redstone_hammer",
            "/tag @s[name=\"Martillo de Redstone\"] add redstone_hammer",


            "/tag @s[name=\"Iron Sickle\"] add iron_sickle",
            "/tag @s[name=\"Hoz de Hierro\"] add iron_sickle",
            "/tag @s[name=\"Diamond Sickle\"] add diamond_sickle",
            "/tag @s[name=\"Hoz de Diamante\"] add diamond_sickle",
            "/tag @s[name=\"Netherite Sickle\"] add netherite_sickle",
            "/tag @s[name=\"Hoz de Netherite\"] add netherite_sickle",
            "/tag @s[name=\"Gold Sickle\"] add gold_sickle",
            "/tag @s[name=\"Hoz de Oro\"] add gold_sickle",
            "/tag @s[name=\"Wood Sickle\"] add wood_sickle",
            "/tag @s[name=\"Hoz de Madera\"] add wood_sickle",
            "/tag @s[name=\"Obsidian Sickle\"] add obsidian_sickle",
            "/tag @s[name=\"Hoz de Obsidiana\"] add obsidian_sickle",
            "/tag @s[name=\"Emerald Sickle\"] add emerald_sickle",
            "/tag @s[name=\"Hoz de Esmeralda\"] add emerald_sickle",
            "/tag @s[name=\"Lapis Sickle\"] add lapis_sickle",
            "/tag @s[name=\"Hoz de Lapis\"] add lapis_sickle",
            "/tag @s[name=\"Stone Sickle\"] add stone_sickle",
            "/tag @s[name=\"Hoz de Piedra\"] add stone_sickle",
            "/tag @s[name=\"Redstone Sickle\"] add redstone_sickle",
            "/tag @s[name=\"Hoz de Redstone\"] add redstone_sickle"
          ]
        }
      }
    }
  }
}