{
  "format_version": "1.10.0",
  "animation_controllers": {
    "controller.animation.great_axe": {
      "initial_state": "default",
      "states": {
        "default": {
          "transitions": [
            {
              "great_axe": "query.variant == 25"
            }
          ]
        },
        "great_axe": {
          "transitions": [
            {
              "default": "1.0"
            }
          ],
          "on_entry": [
            "/execute @e[type=item,r=2] ~~~ detect ~~-1~ log 0 /fill ~~-1~~~~ air 0 destroy",
            "/execute @e[type=item,r=2] ~~~ detect ~~-1~ log 1 /fill ~~-1~~~~ air 0 destroy",
            "/execute @e[type=item,r=2] ~~~ detect ~~-1~ log 2 /fill ~~-1~~~~ air 0 destroy",
            "/execute @e[type=item,r=2] ~~~ detect ~~-1~ log 3 /fill ~~-1~~~~ air 0 destroy",
            "/execute @e[type=item,r=2] ~~~ detect ~~-1~ log2 0 /fill ~~-1~~~~ air 0 destroy",
            "/execute @e[type=item,r=2] ~~~ detect ~~-1~ log2 1 /fill ~~-1~~~~ air 0 destroy",
            "/execute @e[type=item,r=2] ~~~ detect ~~-1~ crimson_stem 0 /fill ~~-1~~~~ air 0 destroy",
            "/execute @e[type=item,r=2] ~~~ detect ~~-1~ warped_stem 0 /fill ~~-1~~~~ air 0 destroy",

            "/execute @e[type=item,r=2] ~~~ detect ~~-2~ log 0 /fill ~~-2~~~~ air 0 destroy",
            "/execute @e[type=item,r=2] ~~~ detect ~~-2~ log 1 /fill ~~-2~~~~ air 0 destroy",
            "/execute @e[type=item,r=2] ~~~ detect ~~-2~ log 2 /fill ~~-2~~~~ air 0 destroy",
            "/execute @e[type=item,r=2] ~~~ detect ~~-2~ log 3 /fill ~~-2~~~~ air 0 destroy",
            "/execute @e[type=item,r=2] ~~~ detect ~~-2~ log2 0 /fill ~~-2~~~~ air 0 destroy",
            "/execute @e[type=item,r=2] ~~~ detect ~~-2~ log2 1 /fill ~~-2~~~~ air 0 destroy",
            "/execute @e[type=item,r=2] ~~~ detect ~~-2~ crimson_stem 0 /fill ~~-2~~~~ air 0 destroy",
            "/execute @e[type=item,r=2] ~~~ detect ~~-2~ warped_stem 0 /fill ~~-2~~~~ air 0 destroy",

            "/execute @e[type=item,r=2] ~~~ detect ~1~~ log 0 /fill ~1~~~~~ air 0 destroy",
            "/execute @e[type=item,r=2] ~~~ detect ~-1~~ log 0 /fill ~-1~~~~~ air 0 destroy",
            "/execute @e[type=item,r=2] ~~~ detect ~~~1 log 0 /fill ~~~1~~~ air 0 destroy",
            "/execute @e[type=item,r=2] ~~~ detect ~~~-1 log 0 /fill ~~~-1~~~ air 0 destroy",

            "/execute @e[type=item,r=2] ~~~ detect ~1~~ log 1 /fill ~1~~~~~ air 0 destroy",
            "/execute @e[type=item,r=2] ~~~ detect ~-1~~ log 1 /fill ~-1~~~~~ air 0 destroy",
            "/execute @e[type=item,r=2] ~~~ detect ~~~1 log 1 /fill ~~~1~~~ air 0 destroy",
            "/execute @e[type=item,r=2] ~~~ detect ~~~-1 log 1 /fill ~~~-1~~~ air 0 destroy",

            "/execute @e[type=item,r=2] ~~~ detect ~1~~ log 2 /fill ~1~~~~~ air 0 destroy",
            "/execute @e[type=item,r=2] ~~~ detect ~-1~~ log 2 /fill ~-1~~~~~ air 0 destroy",
            "/execute @e[type=item,r=2] ~~~ detect ~~~1 log 2 /fill ~~~1~~~ air 0 destroy",
            "/execute @e[type=item,r=2] ~~~ detect ~~~-1 log 2 /fill ~~~-1~~~ air 0 destroy",

            "/execute @e[type=item,r=2] ~~~ detect ~1~~ log 3 /fill ~1~~~~~ air 0 destroy",
            "/execute @e[type=item,r=2] ~~~ detect ~-1~~ log 3 /fill ~-1~~~~~ air 0 destroy",
            "/execute @e[type=item,r=2] ~~~ detect ~~~1 log 3 /fill ~~~1~~~ air 0 destroy",
            "/execute @e[type=item,r=2] ~~~ detect ~~~-1 log 3 /fill ~~~-1~~~ air 0 destroy",

            "/execute @e[type=item,r=2] ~~~ detect ~1~~ log2 0 /fill ~1~~~~~ air 0 destroy",
            "/execute @e[type=item,r=2] ~~~ detect ~-1~~ log2 0 /fill ~-1~~~~~ air 0 destroy",
            "/execute @e[type=item,r=2] ~~~ detect ~~~1 log2 0 /fill ~~~1~~~ air 0 destroy",
            "/execute @e[type=item,r=2] ~~~ detect ~~~-1 log2 0 /fill ~~~-1~~~ air 0 destroy",

            "/execute @e[type=item,r=2] ~~~ detect ~1~~ log 1 /fill ~1~~~~~ air 0 destroy",
            "/execute @e[type=item,r=2] ~~~ detect ~-1~~ log 1 /fill ~-1~~~~~ air 0 destroy",
            "/execute @e[type=item,r=2] ~~~ detect ~~~1 log 1 /fill ~~~1~~~ air 0 destroy",
            "/execute @e[type=item,r=2] ~~~ detect ~~~-1 log 1 /fill ~~~-1~~~ air 0 destroy",

            "/execute @e[type=item,r=2] ~~~ detect ~1~~ warped_stem 1 /fill ~1~~~~~ air 0 destroy",
            "/execute @e[type=item,r=2] ~~~ detect ~-1~~ warped_stem 1 /fill ~-1~~~~~ air 0 destroy",
            "/execute @e[type=item,r=2] ~~~ detect ~~~1 warped_stem 1 /fill ~~~1~~~ air 0 destroy",
            "/execute @e[type=item,r=2] ~~~ detect ~~~-1 warped_stem 1 /fill ~~~-1~~~ air 0 destroy",

            "/execute @e[type=item,r=2] ~~~ detect ~1~~ crimson_stem 1 /fill ~1~~~~~ air 0 destroy",
            "/execute @e[type=item,r=2] ~~~ detect ~-1~~ crimson_stem 1 /fill ~-1~~~~~ air 0 destroy",
            "/execute @e[type=item,r=2] ~~~ detect ~~~1 crimson_stem 1 /fill ~~~1~~~ air 0 destroy",
            "/execute @e[type=item,r=2] ~~~ detect ~~~-1 crimson_stem 1 /fill ~~~-1~~~ air 0 destroy",

            "/execute @e[type=item,r=2] ~~~ detect ~~1~ log 0 /fill ~~1~~~~ air 0 destroy",
            "/execute @e[type=item,r=2] ~~~ detect ~~2~ log 0 /fill ~~2~~~~ air 0 destroy",
            "/execute @e[type=item,r=2] ~~~ detect ~~3~ log 0 /fill ~~3~~~~ air 0 destroy",
            "/execute @e[type=item,r=2] ~~~ detect ~~4~ log 0 /fill ~~4~~~~ air 0 destroy",
            "/execute @e[type=item,r=2] ~~~ detect ~~5~ log 0 /fill ~~5~~~~ air 0 destroy",
            "/execute @e[type=item,r=2]~~~ detect ~~6~ log 0 /fill ~~6~~~~ air 0 destroy",
            "/execute @e[type=item,r=2] ~~~ detect ~~7~ log 0 /fill ~~7~~~~ air 0 destroy",
            "/execute @e[type=item,r=2] ~~~ detect ~~8~ log 0 /fill ~~8~~~~ air 0 destroy",
            "/execute @e[type=item,r=2] ~~~ detect ~~9~ log 0 /fill ~~9~~~~ air 0 destroy",
            "/execute @e[type=item,r=2] ~~~ detect ~~10~ log 0 /fill ~~10~~~~ air 0 destroy",
            "/execute @e[type=item,r=2] ~~~ detect ~~11~ log 0 /fill ~~11~~~~ air 0 destroy",
            "/execute @e[type=item,r=2]~~~ detect ~~12~ log 0 /fill ~~12~~~~ air 0 destroy",
            "/execute @e[type=item,r=2] ~~~ detect ~~13~ log 0 /fill ~~13~~~~ air 0 destroy",
            "/execute @e[type=item,r=2] ~~~ detect ~~14~ log 0 /fill ~~14~~~~ air 0 destroy",
            "/execute @e[type=item,r=2] ~~~ detect ~~15~ log 0 /fill ~~15~~~~ air 0 destroy",
            "/execute @e[type=item,r=2]~~~ detect ~~16~ log 0 /fill ~~16~~~~ air 0 destroy",
            "/execute @e[type=item,r=2] ~~~ detect ~~17~ log 0 /fill ~~17~~~~ air 0 destroy",
            "/execute @e[type=item,r=2] ~~~ detect ~~18~ log 0 /fill ~~18~~~~ air 0 destroy",
            "/execute @e[type=item,r=2] ~~~ detect ~~19~ log 0 /fill ~~19~~~~ air 0 destroy",
            "/execute @e[type=item,r=2] ~~~ detect ~~20~ log 0 /fill ~~20~~~~ air 0 destroy",
            "/execute @e[type=item,r=2] ~~~ detect ~~21~ log 0 /fill ~~21~~~~ air 0 destroy",
            "/execute @e[type=item,r=2]~~~ detect ~~22~ log 0 /fill ~~22~~~~ air 0 destroy",
            "/execute @e[type=item,r=2] ~~~ detect ~~23~ log 0 /fill ~~23~~~~ air 0 destroy",
            "/execute @e[type=item,r=2] ~~~ detect ~~24~ log 0 /fill ~~24~~~~ air 0 destroy",
            "/execute @e[type=item,r=2] ~~~ detect ~~25~ log 0 /fill ~~25~~~~ air 0 destroy",
            "/execute @e[type=item,r=2]~~~ detect ~~26~ log 0 /fill ~~26~~~~ air 0 destroy",
            "/execute @e[type=item,r=2] ~~~ detect ~~27~ log 0 /fill ~~27~~~~ air 0 destroy",
            "/execute @e[type=item,r=2] ~~~ detect ~~28~ log 0 /fill ~~28~~~~ air 0 destroy",
            "/execute @e[type=item,r=2] ~~~ detect ~~29~ log 0 /fill ~~29~~~~ air 0 destroy",
            "/execute @e[type=item,r=2] ~~~ detect ~~30~ log 0 /fill ~~30~~~~ air 0 destroy",
            "/execute @e[type=item,r=2] ~~~ detect ~~31~ log 0 /fill ~~31~~~~ air 0 destroy",
            "/execute @e[type=item,r=2]~~~ detect ~~32~ log 0 /fill ~~32~~~~ air 0 destroy",

            "/execute @e[type=item,r=2] ~~~ detect ~~1~ warped_stem 0 /fill ~~1~~~~ air 0 destroy",
            "/execute @e[type=item,r=2] ~~~ detect ~~2~ warped_stem 0 /fill ~~2~~~~ air 0 destroy",
            "/execute @e[type=item,r=2] ~~~ detect ~~3~ warped_stem 0 /fill ~~3~~~~ air 0 destroy",
            "/execute @e[type=item,r=2] ~~~ detect ~~4~ warped_stem 0 /fill ~~4~~~~ air 0 destroy",
            "/execute @e[type=item,r=2] ~~~ detect ~~5~ warped_stem 0 /fill ~~5~~~~ air 0 destroy",
            "/execute @e[type=item,r=2]~~~ detect ~~6~ warped_stem 0 /fill ~~6~~~~ air 0 destroy",
            "/execute @e[type=item,r=2] ~~~ detect ~~7~ warped_stem 0 /fill ~~7~~~~ air 0 destroy",
            "/execute @e[type=item,r=2] ~~~ detect ~~8~ warped_stem 0 /fill ~~8~~~~ air 0 destroy",
            "/execute @e[type=item,r=2] ~~~ detect ~~9~ warped_stem 0 /fill ~~9~~~~ air 0 destroy",
            "/execute @e[type=item,r=2] ~~~ detect ~~10~ warped_stem 0 /fill ~~10~~~~ air 0 destroy",
            "/execute @e[type=item,r=2] ~~~ detect ~~11~ warped_stem 0 /fill ~~11~~~~ air 0 destroy",
            "/execute @e[type=item,r=2]~~~ detect ~~12~ warped_stem 0 /fill ~~12~~~~ air 0 destroy",
            "/execute @e[type=item,r=2] ~~~ detect ~~13~ warped_stem 0 /fill ~~13~~~~ air 0 destroy",
            "/execute @e[type=item,r=2] ~~~ detect ~~14~ warped_stem 0 /fill ~~14~~~~ air 0 destroy",
            "/execute @e[type=item,r=2] ~~~ detect ~~15~ warped_stem 0 /fill ~~15~~~~ air 0 destroy",
            "/execute @e[type=item,r=2]~~~ detect ~~16~ warped_stem 0 /fill ~~16~~~~ air 0 destroy",
            "/execute @e[type=item,r=2] ~~~ detect ~~17~ warped_stem 0 /fill ~~17~~~~ air 0 destroy",
            "/execute @e[type=item,r=2] ~~~ detect ~~18~ warped_stem 0 /fill ~~18~~~~ air 0 destroy",
            "/execute @e[type=item,r=2] ~~~ detect ~~19~ warped_stem 0 /fill ~~19~~~~ air 0 destroy",
            "/execute @e[type=item,r=2] ~~~ detect ~~20~ warped_stem 0 /fill ~~20~~~~ air 0 destroy",
            "/execute @e[type=item,r=2] ~~~ detect ~~21~ warped_stem 0 /fill ~~21~~~~ air 0 destroy",
            "/execute @e[type=item,r=2]~~~ detect ~~22~ warped_stem 0 /fill ~~22~~~~ air 0 destroy",
            "/execute @e[type=item,r=2] ~~~ detect ~~23~ warped_stem 0 /fill ~~23~~~~ air 0 destroy",
            "/execute @e[type=item,r=2] ~~~ detect ~~24~ warped_stem 0 /fill ~~24~~~~ air 0 destroy",
            "/execute @e[type=item,r=2] ~~~ detect ~~25~ warped_stem 0 /fill ~~25~~~~ air 0 destroy",
            "/execute @e[type=item,r=2]~~~ detect ~~26~ warped_stem 0 /fill ~~26~~~~ air 0 destroy",
            "/execute @e[type=item,r=2] ~~~ detect ~~27~ warped_stem 0 /fill ~~27~~~~ air 0 destroy",
            "/execute @e[type=item,r=2] ~~~ detect ~~28~ warped_stem 0 /fill ~~28~~~~ air 0 destroy",
            "/execute @e[type=item,r=2] ~~~ detect ~~29~ warped_stem 0 /fill ~~29~~~~ air 0 destroy",
            "/execute @e[type=item,r=2] ~~~ detect ~~30~ warped_stem 0 /fill ~~30~~~~ air 0 destroy",
            "/execute @e[type=item,r=2] ~~~ detect ~~31~ warped_stem 0 /fill ~~31~~~~ air 0 destroy",
            "/execute @e[type=item,r=2]~~~ detect ~~32~ warped_stem 0 /fill ~~32~~~~ air 0 destroy",

            "/execute @e[type=item,r=2] ~~~ detect ~~1~ crimson_stem 0 /fill ~~1~~~~ air 0 destroy",
            "/execute @e[type=item,r=2] ~~~ detect ~~2~ crimson_stem 0 /fill ~~2~~~~ air 0 destroy",
            "/execute @e[type=item,r=2] ~~~ detect ~~3~ crimson_stem 0 /fill ~~3~~~~ air 0 destroy",
            "/execute @e[type=item,r=2] ~~~ detect ~~4~ crimson_stem 0 /fill ~~4~~~~ air 0 destroy",
            "/execute @e[type=item,r=2] ~~~ detect ~~5~ crimson_stem 0 /fill ~~5~~~~ air 0 destroy",
            "/execute @e[type=item,r=2]~~~ detect ~~6~ crimson_stem 0 /fill ~~6~~~~ air 0 destroy",
            "/execute @e[type=item,r=2] ~~~ detect ~~7~ crimson_stem 0 /fill ~~7~~~~ air 0 destroy",
            "/execute @e[type=item,r=2] ~~~ detect ~~8~ crimson_stem 0 /fill ~~8~~~~ air 0 destroy",
            "/execute @e[type=item,r=2] ~~~ detect ~~9~ crimson_stem 0 /fill ~~9~~~~ air 0 destroy",
            "/execute @e[type=item,r=2] ~~~ detect ~~10~ crimson_stem 0 /fill ~~10~~~~ air 0 destroy",
            "/execute @e[type=item,r=2] ~~~ detect ~~11~ crimson_stem 0 /fill ~~11~~~~ air 0 destroy",
            "/execute @e[type=item,r=2]~~~ detect ~~12~ crimson_stem 0 /fill ~~12~~~~ air 0 destroy",
            "/execute @e[type=item,r=2] ~~~ detect ~~13~ crimson_stem 0 /fill ~~13~~~~ air 0 destroy",
            "/execute @e[type=item,r=2] ~~~ detect ~~14~ crimson_stem 0 /fill ~~14~~~~ air 0 destroy",
            "/execute @e[type=item,r=2] ~~~ detect ~~15~ crimson_stem 0 /fill ~~15~~~~ air 0 destroy",
            "/execute @e[type=item,r=2]~~~ detect ~~16~ crimson_stem 0 /fill ~~16~~~~ air 0 destroy",
            "/execute @e[type=item,r=2] ~~~ detect ~~17~ crimson_stem 0 /fill ~~17~~~~ air 0 destroy",
            "/execute @e[type=item,r=2] ~~~ detect ~~18~ crimson_stem 0 /fill ~~18~~~~ air 0 destroy",
            "/execute @e[type=item,r=2] ~~~ detect ~~19~ crimson_stem 0 /fill ~~19~~~~ air 0 destroy",
            "/execute @e[type=item,r=2] ~~~ detect ~~20~ crimson_stem 0 /fill ~~20~~~~ air 0 destroy",
            "/execute @e[type=item,r=2] ~~~ detect ~~21~ crimson_stem 0 /fill ~~21~~~~ air 0 destroy",
            "/execute @e[type=item,r=2]~~~ detect ~~22~ crimson_stem 0 /fill ~~22~~~~ air 0 destroy",
            "/execute @e[type=item,r=2] ~~~ detect ~~23~ crimson_stem 0 /fill ~~23~~~~ air 0 destroy",
            "/execute @e[type=item,r=2] ~~~ detect ~~24~ crimson_stem 0 /fill ~~24~~~~ air 0 destroy",
            "/execute @e[type=item,r=2] ~~~ detect ~~25~ crimson_stem 0 /fill ~~25~~~~ air 0 destroy",
            "/execute @e[type=item,r=2]~~~ detect ~~26~ crimson_stem 0 /fill ~~26~~~~ air 0 destroy",
            "/execute @e[type=item,r=2] ~~~ detect ~~27~ crimson_stem 0 /fill ~~27~~~~ air 0 destroy",
            "/execute @e[type=item,r=2] ~~~ detect ~~28~ crimson_stem 0 /fill ~~28~~~~ air 0 destroy",
            "/execute @e[type=item,r=2] ~~~ detect ~~29~ crimson_stem 0 /fill ~~29~~~~ air 0 destroy",
            "/execute @e[type=item,r=2] ~~~ detect ~~30~ crimson_stem 0 /fill ~~30~~~~ air 0 destroy",
            "/execute @e[type=item,r=2] ~~~ detect ~~31~ crimson_stem 0 /fill ~~31~~~~ air 0 destroy",
            "/execute @e[type=item,r=2]~~~ detect ~~32~ crimson_stem 0 /fill ~~32~~~~ air 0 destroy",

            "/execute @e[type=item,r=2] ~~~ detect ~~1~ log 1 /fill ~~1~~~~ air 0 destroy",
            "/execute @e[type=item,r=2] ~~~ detect ~~2~ log 1 /fill ~~2~~~~ air 0 destroy",
            "/execute @e[type=item,r=2] ~~~ detect ~~3~ log 1 /fill ~~3~~~~ air 0 destroy",
            "/execute @e[type=item,r=2] ~~~ detect ~~4~ log 1 /fill ~~4~~~~ air 0 destroy",
            "/execute @e[type=item,r=2] ~~~ detect ~~5~ log 1 /fill ~~5~~~~ air 0 destroy",
            "/execute @e[type=item,r=2]~~~ detect ~~6~ log 1 /fill ~~6~~~~ air 0 destroy",
            "/execute @e[type=item,r=2] ~~~ detect ~~7~ log 1 /fill ~~7~~~~ air 0 destroy",
            "/execute @e[type=item,r=2] ~~~ detect ~~8~ log 1 /fill ~~8~~~~ air 0 destroy",
            "/execute @e[type=item,r=2] ~~~ detect ~~9~ log 1 /fill ~~9~~~~ air 0 destroy",
            "/execute @e[type=item,r=2] ~~~ detect ~~10~ log 1 /fill ~~10~~~~ air 0 destroy",
            "/execute @e[type=item,r=2] ~~~ detect ~~11~ log 1 /fill ~~11~~~~ air 0 destroy",
            "/execute @e[type=item,r=2]~~~ detect ~~12~ log 1 /fill ~~12~~~~ air 0 destroy",
            "/execute @e[type=item,r=2] ~~~ detect ~~13~ log 1 /fill ~~13~~~~ air 0 destroy",
            "/execute @e[type=item,r=2] ~~~ detect ~~14~ log 1 /fill ~~14~~~~ air 0 destroy",
            "/execute @e[type=item,r=2] ~~~ detect ~~15~ log 1 /fill ~~15~~~~ air 0 destroy",
            "/execute @e[type=item,r=2]~~~ detect ~~16~ log 1 /fill ~~16~~~~ air 0 destroy",
            "/execute @e[type=item,r=2] ~~~ detect ~~17~ log 1 /fill ~~17~~~~ air 0 destroy",
            "/execute @e[type=item,r=2] ~~~ detect ~~18~ log 1 /fill ~~18~~~~ air 0 destroy",
            "/execute @e[type=item,r=2] ~~~ detect ~~19~ log 1 /fill ~~19~~~~ air 0 destroy",
            "/execute @e[type=item,r=2] ~~~ detect ~~20~ log 1 /fill ~~20~~~~ air 0 destroy",
            "/execute @e[type=item,r=2] ~~~ detect ~~21~ log 1 /fill ~~21~~~~ air 0 destroy",
            "/execute @e[type=item,r=2]~~~ detect ~~22~ log 1 /fill ~~22~~~~ air 0 destroy",
            "/execute @e[type=item,r=2] ~~~ detect ~~23~ log 1 /fill ~~23~~~~ air 0 destroy",
            "/execute @e[type=item,r=2] ~~~ detect ~~24~ log 1 /fill ~~24~~~~ air 0 destroy",
            "/execute @e[type=item,r=2] ~~~ detect ~~25~ log 1 /fill ~~25~~~~ air 0 destroy",
            "/execute @e[type=item,r=2]~~~ detect ~~26~ log 1 /fill ~~26~~~~ air 0 destroy",
            "/execute @e[type=item,r=2] ~~~ detect ~~27~ log 1 /fill ~~27~~~~ air 0 destroy",
            "/execute @e[type=item,r=2] ~~~ detect ~~28~ log 1 /fill ~~28~~~~ air 0 destroy",
            "/execute @e[type=item,r=2] ~~~ detect ~~29~ log 1 /fill ~~29~~~~ air 0 destroy",
            "/execute @e[type=item,r=2] ~~~ detect ~~30~ log 1 /fill ~~30~~~~ air 0 destroy",
            "/execute @e[type=item,r=2] ~~~ detect ~~31~ log 1 /fill ~~31~~~~ air 0 destroy",
            "/execute @e[type=item,r=2]~~~ detect ~~32~ log 1 /fill ~~32~~~~ air 0 destroy",

            "/execute @e[type=item,r=2] ~~~ detect ~~1~ log2 1 /fill ~~1~~~~ air 0 destroy",
            "/execute @e[type=item,r=2] ~~~ detect ~~2~ log2 1 /fill ~~2~~~~ air 0 destroy",
            "/execute @e[type=item,r=2] ~~~ detect ~~3~ log2 1 /fill ~~3~~~~ air 0 destroy",
            "/execute @e[type=item,r=2] ~~~ detect ~~4~ log2 1 /fill ~~4~~~~ air 0 destroy",
            "/execute @e[type=item,r=2] ~~~ detect ~~5~ log2 1 /fill ~~5~~~~ air 0 destroy",
            "/execute @e[type=item,r=2]~~~ detect ~~6~ log2 1 /fill ~~6~~~~ air 0 destroy",
            "/execute @e[type=item,r=2] ~~~ detect ~~7~ log2 1 /fill ~~7~~~~ air 0 destroy",
            "/execute @e[type=item,r=2] ~~~ detect ~~8~ log2 1 /fill ~~8~~~~ air 0 destroy",
            "/execute @e[type=item,r=2] ~~~ detect ~~9~ log2 1 /fill ~~9~~~~ air 0 destroy",
            "/execute @e[type=item,r=2] ~~~ detect ~~10~ log2 1 /fill ~~10~~~~ air 0 destroy",
            "/execute @e[type=item,r=2] ~~~ detect ~~11~ log2 1 /fill ~~11~~~~ air 0 destroy",
            "/execute @e[type=item,r=2]~~~ detect ~~12~ log2 1 /fill ~~12~~~~ air 0 destroy",
            "/execute @e[type=item,r=2] ~~~ detect ~~13~ log2 1 /fill ~~13~~~~ air 0 destroy",
            "/execute @e[type=item,r=2] ~~~ detect ~~14~ log2 1 /fill ~~14~~~~ air 0 destroy",
            "/execute @e[type=item,r=2] ~~~ detect ~~15~ log2 1 /fill ~~15~~~~ air 0 destroy",
            "/execute @e[type=item,r=2]~~~ detect ~~16~ log2 1 /fill ~~16~~~~ air 0 destroy",
            "/execute @e[type=item,r=2] ~~~ detect ~~17~ log2 1 /fill ~~17~~~~ air 0 destroy",
            "/execute @e[type=item,r=2] ~~~ detect ~~18~ log2 1 /fill ~~18~~~~ air 0 destroy",
            "/execute @e[type=item,r=2] ~~~ detect ~~19~ log2 1 /fill ~~19~~~~ air 0 destroy",
            "/execute @e[type=item,r=2] ~~~ detect ~~20~ log2 1 /fill ~~20~~~~ air 0 destroy",
            "/execute @e[type=item,r=2] ~~~ detect ~~21~ log2 1 /fill ~~21~~~~ air 0 destroy",
            "/execute @e[type=item,r=2]~~~ detect ~~22~ log2 1 /fill ~~22~~~~ air 0 destroy",
            "/execute @e[type=item,r=2] ~~~ detect ~~23~ log2 1 /fill ~~23~~~~ air 0 destroy",
            "/execute @e[type=item,r=2] ~~~ detect ~~24~ log2 1 /fill ~~24~~~~ air 0 destroy",
            "/execute @e[type=item,r=2] ~~~ detect ~~25~ log2 1 /fill ~~25~~~~ air 0 destroy",
            "/execute @e[type=item,r=2]~~~ detect ~~26~ log2 1 /fill ~~26~~~~ air 0 destroy",
            "/execute @e[type=item,r=2] ~~~ detect ~~27~ log2 1 /fill ~~27~~~~ air 0 destroy",
            "/execute @e[type=item,r=2] ~~~ detect ~~28~ log2 1 /fill ~~28~~~~ air 0 destroy",
            "/execute @e[type=item,r=2] ~~~ detect ~~29~ log2 1 /fill ~~29~~~~ air 0 destroy",
            "/execute @e[type=item,r=2] ~~~ detect ~~30~ log2 1 /fill ~~30~~~~ air 0 destroy",
            "/execute @e[type=item,r=2] ~~~ detect ~~31~ log2 1 /fill ~~31~~~~ air 0 destroy",
            "/execute @e[type=item,r=2]~~~ detect ~~32~ log2 1 /fill ~~32~~~~ air 0 destroy",

            "/execute @e[type=item,r=2] ~~~ detect ~~1~ log2 0 /fill ~~1~~~~ air 0 destroy",
            "/execute @e[type=item,r=2] ~~~ detect ~~2~ log2 0 /fill ~~2~~~~ air 0 destroy",
            "/execute @e[type=item,r=2] ~~~ detect ~~3~ log2 0 /fill ~~3~~~~ air 0 destroy",
            "/execute @e[type=item,r=2] ~~~ detect ~~4~ log2 0 /fill ~~4~~~~ air 0 destroy",
            "/execute @e[type=item,r=2] ~~~ detect ~~5~ log2 0 /fill ~~5~~~~ air 0 destroy",
            "/execute @e[type=item,r=2]~~~ detect ~~6~ log2 0 /fill ~~6~~~~ air 0 destroy",
            "/execute @e[type=item,r=2] ~~~ detect ~~7~ log2 0 /fill ~~7~~~~ air 0 destroy",
            "/execute @e[type=item,r=2] ~~~ detect ~~8~ log2 0 /fill ~~8~~~~ air 0 destroy",
            "/execute @e[type=item,r=2] ~~~ detect ~~9~ log2 0 /fill ~~9~~~~ air 0 destroy",
            "/execute @e[type=item,r=2] ~~~ detect ~~10~ log2 0 /fill ~~10~~~~ air 0 destroy",
            "/execute @e[type=item,r=2] ~~~ detect ~~11~ log2 0 /fill ~~11~~~~ air 0 destroy",
            "/execute @e[type=item,r=2]~~~ detect ~~12~ log2 0 /fill ~~12~~~~ air 0 destroy",
            "/execute @e[type=item,r=2] ~~~ detect ~~13~ log2 0 /fill ~~13~~~~ air 0 destroy",
            "/execute @e[type=item,r=2] ~~~ detect ~~14~ log2 0 /fill ~~14~~~~ air 0 destroy",
            "/execute @e[type=item,r=2] ~~~ detect ~~15~ log2 0 /fill ~~15~~~~ air 0 destroy",
            "/execute @e[type=item,r=2]~~~ detect ~~16~ log2 0 /fill ~~16~~~~ air 0 destroy",
            "/execute @e[type=item,r=2] ~~~ detect ~~17~ log2 0 /fill ~~17~~~~ air 0 destroy",
            "/execute @e[type=item,r=2] ~~~ detect ~~18~ log2 0 /fill ~~18~~~~ air 0 destroy",
            "/execute @e[type=item,r=2] ~~~ detect ~~19~ log2 0 /fill ~~19~~~~ air 0 destroy",
            "/execute @e[type=item,r=2] ~~~ detect ~~20~ log2 0 /fill ~~20~~~~ air 0 destroy",
            "/execute @e[type=item,r=2] ~~~ detect ~~21~ log2 0 /fill ~~21~~~~ air 0 destroy",
            "/execute @e[type=item,r=2]~~~ detect ~~22~ log2 0 /fill ~~22~~~~ air 0 destroy",
            "/execute @e[type=item,r=2] ~~~ detect ~~23~ log2 0 /fill ~~23~~~~ air 0 destroy",
            "/execute @e[type=item,r=2] ~~~ detect ~~24~ log2 0 /fill ~~24~~~~ air 0 destroy",
            "/execute @e[type=item,r=2] ~~~ detect ~~25~ log2 0 /fill ~~25~~~~ air 0 destroy",
            "/execute @e[type=item,r=2]~~~ detect ~~26~ log2 0 /fill ~~26~~~~ air 0 destroy",
            "/execute @e[type=item,r=2] ~~~ detect ~~27~ log2 0 /fill ~~27~~~~ air 0 destroy",
            "/execute @e[type=item,r=2] ~~~ detect ~~28~ log2 0 /fill ~~28~~~~ air 0 destroy",
            "/execute @e[type=item,r=2] ~~~ detect ~~29~ log2 0 /fill ~~29~~~~ air 0 destroy",
            "/execute @e[type=item,r=2] ~~~ detect ~~30~ log2 0 /fill ~~30~~~~ air 0 destroy",
            "/execute @e[type=item,r=2] ~~~ detect ~~31~ log2 0 /fill ~~31~~~~ air 0 destroy",
            "/execute @e[type=item,r=2]~~~ detect ~~32~ log2 0 /fill ~~32~~~~ air 0 destroy",

            "/execute @e[type=item,r=2] ~~~ detect ~~1~ log 2 /fill ~~1~~~~ air 0 destroy",
            "/execute @e[type=item,r=2] ~~~ detect ~~2~ log 2 /fill ~~2~~~~ air 0 destroy",
            "/execute @e[type=item,r=2] ~~~ detect ~~3~ log 2 /fill ~~3~~~~ air 0 destroy",
            "/execute @e[type=item,r=2] ~~~ detect ~~4~ log 2 /fill ~~4~~~~ air 0 destroy",
            "/execute @e[type=item,r=2] ~~~ detect ~~5~ log 2 /fill ~~5~~~~ air 0 destroy",
            "/execute @e[type=item,r=2]~~~ detect ~~6~ log 2 /fill ~~6~~~~ air 0 destroy",
            "/execute @e[type=item,r=2] ~~~ detect ~~7~ log 2 /fill ~~7~~~~ air 0 destroy",
            "/execute @e[type=item,r=2] ~~~ detect ~~8~ log 2 /fill ~~8~~~~ air 0 destroy",
            "/execute @e[type=item,r=2] ~~~ detect ~~9~ log 2 /fill ~~9~~~~ air 0 destroy",
            "/execute @e[type=item,r=2] ~~~ detect ~~10~ log 2 /fill ~~10~~~~ air 0 destroy",
            "/execute @e[type=item,r=2] ~~~ detect ~~11~ log 2 /fill ~~11~~~~ air 0 destroy",
            "/execute @e[type=item,r=2]~~~ detect ~~12~ log 2 /fill ~~12~~~~ air 0 destroy",
            "/execute @e[type=item,r=2] ~~~ detect ~~13~ log 2 /fill ~~13~~~~ air 0 destroy",
            "/execute @e[type=item,r=2] ~~~ detect ~~14~ log 2 /fill ~~14~~~~ air 0 destroy",
            "/execute @e[type=item,r=2] ~~~ detect ~~15~ log 2 /fill ~~15~~~~ air 0 destroy",
            "/execute @e[type=item,r=2]~~~ detect ~~16~ log 2 /fill ~~16~~~~ air 0 destroy",
            "/execute @e[type=item,r=2] ~~~ detect ~~17~ log 2 /fill ~~17~~~~ air 0 destroy",
            "/execute @e[type=item,r=2] ~~~ detect ~~18~ log 2 /fill ~~18~~~~ air 0 destroy",
            "/execute @e[type=item,r=2] ~~~ detect ~~19~ log 2 /fill ~~19~~~~ air 0 destroy",
            "/execute @e[type=item,r=2] ~~~ detect ~~20~ log 2 /fill ~~20~~~~ air 0 destroy",
            "/execute @e[type=item,r=2] ~~~ detect ~~21~ log 2 /fill ~~21~~~~ air 0 destroy",
            "/execute @e[type=item,r=2]~~~ detect ~~22~ log 2 /fill ~~22~~~~ air 0 destroy",
            "/execute @e[type=item,r=2] ~~~ detect ~~23~ log 2 /fill ~~23~~~~ air 0 destroy",
            "/execute @e[type=item,r=2] ~~~ detect ~~24~ log 2 /fill ~~24~~~~ air 0 destroy",
            "/execute @e[type=item,r=2] ~~~ detect ~~25~ log 2 /fill ~~25~~~~ air 0 destroy",
            "/execute @e[type=item,r=2]~~~ detect ~~26~ log 2 /fill ~~26~~~~ air 0 destroy",
            "/execute @e[type=item,r=2] ~~~ detect ~~27~ log 2 /fill ~~27~~~~ air 0 destroy",
            "/execute @e[type=item,r=2] ~~~ detect ~~28~ log 2 /fill ~~28~~~~ air 0 destroy",
            "/execute @e[type=item,r=2] ~~~ detect ~~29~ log 2 /fill ~~29~~~~ air 0 destroy",
            "/execute @e[type=item,r=2] ~~~ detect ~~30~ log 2 /fill ~~30~~~~ air 0 destroy",
            "/execute @e[type=item,r=2] ~~~ detect ~~31~ log 2 /fill ~~31~~~~ air 0 destroy",
            "/execute @e[type=item,r=2]~~~ detect ~~32~ log 2 /fill ~~32~~~~ air 0 destroy",

            "/execute @e[type=item,r=2] ~~~ detect ~~1~ log 3 /fill ~~1~~~~ air 0 destroy",
            "/execute @e[type=item,r=2] ~~~ detect ~~2~ log 3 /fill ~~2~~~~ air 0 destroy",
            "/execute @e[type=item,r=2] ~~~ detect ~~3~ log 3 /fill ~~3~~~~ air 0 destroy",
            "/execute @e[type=item,r=2] ~~~ detect ~~4~ log 3 /fill ~~4~~~~ air 0 destroy",
            "/execute @e[type=item,r=2] ~~~ detect ~~5~ log 3 /fill ~~5~~~~ air 0 destroy",
            "/execute @e[type=item,r=2]~~~ detect ~~6~ log 3 /fill ~~6~~~~ air 0 destroy",
            "/execute @e[type=item,r=2] ~~~ detect ~~7~ log 3 /fill ~~7~~~~ air 0 destroy",
            "/execute @e[type=item,r=2] ~~~ detect ~~8~ log 3 /fill ~~8~~~~ air 0 destroy",
            "/execute @e[type=item,r=2] ~~~ detect ~~9~ log 3 /fill ~~9~~~~ air 0 destroy",
            "/execute @e[type=item,r=2] ~~~ detect ~~10~ log 3 /fill ~~10~~~~ air 0 destroy",
            "/execute @e[type=item,r=2] ~~~ detect ~~11~ log 3 /fill ~~11~~~~ air 0 destroy",
            "/execute @e[type=item,r=2]~~~ detect ~~12~ log 3 /fill ~~12~~~~ air 0 destroy",
            "/execute @e[type=item,r=2] ~~~ detect ~~13~ log 3 /fill ~~13~~~~ air 0 destroy",
            "/execute @e[type=item,r=2] ~~~ detect ~~14~ log 3 /fill ~~14~~~~ air 0 destroy",
            "/execute @e[type=item,r=2] ~~~ detect ~~15~ log 3 /fill ~~15~~~~ air 0 destroy",
            "/execute @e[type=item,r=2]~~~ detect ~~16~ log 3 /fill ~~16~~~~ air 0 destroy",
            "/execute @e[type=item,r=2] ~~~ detect ~~17~ log 3 /fill ~~17~~~~ air 0 destroy",
            "/execute @e[type=item,r=2] ~~~ detect ~~18~ log 3 /fill ~~18~~~~ air 0 destroy",
            "/execute @e[type=item,r=2] ~~~ detect ~~19~ log 3 /fill ~~19~~~~ air 0 destroy",
            "/execute @e[type=item,r=2] ~~~ detect ~~20~ log 3 /fill ~~20~~~~ air 0 destroy",
            "/execute @e[type=item,r=2] ~~~ detect ~~21~ log 3 /fill ~~21~~~~ air 0 destroy",
            "/execute @e[type=item,r=2]~~~ detect ~~22~ log 3 /fill ~~22~~~~ air 0 destroy",
            "/execute @e[type=item,r=2] ~~~ detect ~~23~ log 3 /fill ~~23~~~~ air 0 destroy",
            "/execute @e[type=item,r=2] ~~~ detect ~~24~ log 3 /fill ~~24~~~~ air 0 destroy",
            "/execute @e[type=item,r=2] ~~~ detect ~~25~ log 3 /fill ~~25~~~~ air 0 destroy",
            "/execute @e[type=item,r=2]~~~ detect ~~26~ log 3 /fill ~~26~~~~ air 0 destroy",
            "/execute @e[type=item,r=2] ~~~ detect ~~27~ log 3 /fill ~~27~~~~ air 0 destroy",
            "/execute @e[type=item,r=2] ~~~ detect ~~28~ log 3 /fill ~~28~~~~ air 0 destroy",
            "/execute @e[type=item,r=2] ~~~ detect ~~29~ log 3 /fill ~~29~~~~ air 0 destroy",
            "/execute @e[type=item,r=2] ~~~ detect ~~30~ log 3 /fill ~~30~~~~ air 0 destroy",
            "/execute @e[type=item,r=2] ~~~ detect ~~31~ log 3 /fill ~~31~~~~ air 0 destroy",
            "/execute @e[type=item,r=2]~~~ detect ~~32~ log 3 /fill ~~32~~~~ air 0 destroy"
          ]
        }
      }
    }
  }
}