{
  "format_version": "1.10.0",
  "animation_controllers": {
    "controller.animation.hammer": {
      "initial_state": "default",
      "states": {
        "default": {
          "transitions": [
            {
               "w_g_hammer1": "query.variant == 1"
            },
            {
            	 "w_g_hammer2": "query.variant == 8"
            },
            {
            	 "w_g_hammer3": "query.variant == 9"
            },
            {
               "stone_hammer1": "query.variant == 2"
               },
            {
               "stone_hammer2": "query.variant == 10"
               },
            {
               "stone_hammer3": "query.variant == 11"
            },
            {
               "iron_hammer1": "query.variant == 3"
               },
            {
               "iron_hammer2": "query.variant == 12"
               },
            {
               "iron_hammer3": "query.variant == 13"
            },
            {
               "diamond_hammer1": "query.variant == 4"
               },
            {
               "diamond_hammer2": "query.variant == 14"
               },
            {
               "diamond_hammer3": "query.variant == 15"
            },
            {
               "lapis_hammer1": "query.variant == 5"
               },
            {
               "lapis_hammer2": "query.variant == 16"
               },
            {
               "lapis_hammer3": "query.variant == 17"
            },
            {
               "redstone_hammer1": "query.variant == 6"
               },
            {
               "redstone_hammer2": "query.variant == 18"
               },
            {
               "redstone_hammer3": "query.variant == 19"
            },
            {
               "emerald_hammer1": "query.variant == 7"
               },
            {
               "emerald_hammer2": "query.variant == 20"
               },
            {
               "emerald_hammer3": "query.variant == 21"
               },
            {
               "obsidian_hammer1": "query.variant == 22"
               },
            {
               "obsidian_hammer2": "query.variant == 23"
               },
            {
               "obsidian_hammer3": "query.variant == 24"
            }
          ]
        },
        "w_g_hammer1": {
          "transitions": [
            {
              "default": "1.0"
            }
          ],
          "on_exit": [
          	"/execute @s ~~~ detect ~~~1 air 0 /fill ~-1~-1~~1~1~ air 0 destroy",
            "/execute @s ~~~ detect ~~~-1 air 0 /fill ~-1~-1~~1~1~ air 0 destroy",

            "/execute @s ~~~ detect ~~1~ air 0 /event entity @s new:despawn",
            "/execute @s ~~~ detect ~~-1~ air 0 /event entity @s new:despawn",

            "/function wood_hammer/traduccion",
            "/function wood_hammer/traduccion_two"
          ]
        },
        "w_g_hammer2": {
          "transitions": [
            {
              "default": "1.0"
            }
          ],
          "on_exit": [
          	"/execute @s ~~~ detect ~1~~ air 0 /fill ~~-1~-1~~1~1 air 0 destroy",              	
            "/execute @s ~~~ detect ~-1~~ air 0 /fill ~~-1~-1~~1~1 air 0 destroy",

            "/execute @s ~~~ detect ~~1~ air 0 /event entity @s new:despawn",
            "/execute @s ~~~ detect ~~-1~ air 0 /event entity @s new:despawn",

            "/function wood_hammer/traduccion",
            "/function wood_hammer/traduccion_two"
          ]
        },
        "w_g_hammer3": {
          "transitions": [
            {
              "default": "1.0"
            }
          ],
          "on_exit": [
          	"/execute @s ~~~ detect ~~1~ air 0 /fill ~-1~~-1~1~~1 air 0 destroy",              	
            "/execute @s ~~~ detect ~~-1~ air 0 /fill ~-1~~-1~1~~1 air 0 destroy",

            "/execute @s ~~~ detect ~~~1 air 0 /event entity @s new:despawn",
            "/execute @s ~~~ detect ~~~-1 air 0 /event entity @s new:despawn",
            "/execute @s ~~~ detect ~1~~ air 0 /event entity @s new:despawn",
            "/execute @s ~~~ detect ~-1~~ air 0 /event entity @s new:despawn",

            "/function wood_hammer/traduccion",
            "/function wood_hammer/traduccion_two"
          ]
        },
        "stone_hammer1": {
          "transitions": [
            {
              "default": "1.0"
            }
          ],
          "on_exit": [
            "/execute @s ~~~ detect ~~~1 air 0 /fill ~-1~-1~~1~1~ air 0 destroy",
            "/execute @s ~~~ detect ~~~-1 air 0 /fill ~-1~-1~~1~1~ air 0 destroy",

            "/execute @s ~~~ detect ~~1~ air 0 /event entity @s new:despawn",
            "/execute @s ~~~ detect ~~-1~ air 0 /event entity @s new:despawn",

            "/function stone_hammer/traduccion",
            "/function stone_hammer/traduccion_two"
          ]
        },
        "stone_hammer2": {
          "transitions": [
            {
              "default": "1.0"
            }
          ],
          "on_exit": [
            "/execute @s ~~~ detect ~1~~ air 0 /fill ~~-1~-1~~1~1 air 0 destroy",              	
            "/execute @s ~~~ detect ~-1~~ air 0 /fill ~~-1~-1~~1~1 air 0 destroy",

            "/execute @s ~~~ detect ~~1~ air 0 /event entity @s new:despawn",
            "/execute @s ~~~ detect ~~-1~ air 0 /event entity @s new:despawn",

            "/function stone_hammer/traduccion",
            "/function stone_hammer/traduccion_two"
          ]
        },
        "stone_hammer3": {
          "transitions": [
            {
              "default": "1.0"
            }
          ],
          "on_exit": [
            "/execute @s ~~~ detect ~~1~ air 0 /fill ~-1~~-1~1~~1 air 0 destroy",              	
            "/execute @s ~~~ detect ~~-1~ air 0 /fill ~-1~~-1~1~~1 air 0 destroy",

            "/execute @s ~~~ detect ~~~1 air 0 /event entity @s new:despawn",
            "/execute @s ~~~ detect ~~~-1 air 0 /event entity @s new:despawn",
            "/execute @s ~~~ detect ~1~~ air 0 /event entity @s new:despawn",
            "/execute @s ~~~ detect ~-1~~ air 0 /event entity @s new:despawn",

            "/function stone_hammer/traduccion",
            "/function stone_hammer/traduccion_two"
          ]
        },
        "iron_hammer1": {
          "transitions": [
            {
              "default": "1.0"
            }
          ],
          "on_exit": [
          	"/execute @s ~~~ detect ~~~1 air 0 /fill ~-1~-1~~1~1~ air 0 destroy",
            "/execute @s ~~~ detect ~~~-1 air 0 /fill ~-1~-1~~1~1~ air 0 destroy",

            "/execute @s ~~~ detect ~~1~ air 0 /event entity @s new:despawn",
            "/execute @s ~~~ detect ~~-1~ air 0 /event entity @s new:despawn",

            "/function iron_hammer/traduccion",
            "/function iron_hammer/traduccion_two"
          ]
        },
        "iron_hammer2": {
          "transitions": [
            {
              "default": "1.0"
            }
          ],
          "on_exit": [
          	"/execute @s ~~~ detect ~1~~ air 0 /fill ~~-1~-1~~1~1 air 0 destroy",              	
            "/execute @s ~~~ detect ~-1~~ air 0 /fill ~~-1~-1~~1~1 air 0 destroy",

            "/execute @s ~~~ detect ~~1~ air 0 /event entity @s new:despawn",
            "/execute @s ~~~ detect ~~-1~ air 0 /event entity @s new:despawn",

            "/function iron_hammer/traduccion",
            "/function iron_hammer/traduccion_two"
          ]
        },
        "iron_hammer3": {
          "transitions": [
            {
              "default": "1.0"
            }
          ],
          "on_exit": [
          	"/execute @s ~~~ detect ~~1~ air 0 /fill ~-1~~-1~1~~1 air 0 destroy",              	
            "/execute @s ~~~ detect ~~-1~ air 0 /fill ~-1~~-1~1~~1 air 0 destroy",

            "/execute @s ~~~ detect ~~~1 air 0 /event entity @s new:despawn",
            "/execute @s ~~~ detect ~~~-1 air 0 /event entity @s new:despawn",
            "/execute @s ~~~ detect ~1~~ air 0 /event entity @s new:despawn",
            "/execute @s ~~~ detect ~-1~~ air 0 /event entity @s new:despawn",

            "/function iron_hammer/traduccion",
            "/function iron_hammer/traduccion_two"
          ]
        },
        "diamond_hammer1": {
          "transitions": [
            {
              "default": "1.0"
            }
          ],
          "on_exit": [
          	"/execute @s ~~~ detect ~~~1 air 0 /fill ~-1~-1~~1~1~ air 0 destroy",
            "/execute @s ~~~ detect ~~~-1 air 0 /fill ~-1~-1~~1~1~ air 0 destroy",

            "/execute @s ~~~ detect ~~1~ air 0 /event entity @s new:despawn",
            "/execute @s ~~~ detect ~~-1~ air 0 /event entity @s new:despawn",

            "/function diamond_hammer/traduccion"
          ]
        },
        "diamond_hammer2": {
          "transitions": [
            {
              "default": "1.0"
            }
          ],
          "on_exit": [
          	"/execute @s ~~~ detect ~1~~ air 0 /fill ~~-1~-1~~1~1 air 0 destroy",              	
            "/execute @s ~~~ detect ~-1~~ air 0 /fill ~~-1~-1~~1~1 air 0 destroy",

            "/execute @s ~~~ detect ~~1~ air 0 /event entity @s new:despawn",
            "/execute @s ~~~ detect ~~-1~ air 0 /event entity @s new:despawn",

            "/function diamond_hammer/traduccion"
          ]
        },
        "diamond_hammer3": {
          "transitions": [
            {
              "default": "1.0"
            }
          ],
          "on_exit": [
          	"/execute @s ~~~ detect ~~1~ air 0 /fill ~-1~~-1~1~~1 air 0 destroy",              	
            "/execute @s ~~~ detect ~~-1~ air 0 /fill ~-1~~-1~1~~1 air 0 destroy",

            "/execute @s ~~~ detect ~~~1 air 0 /event entity @s new:despawn",
            "/execute @s ~~~ detect ~~~-1 air 0 /event entity @s new:despawn",
            "/execute @s ~~~ detect ~1~~ air 0 /event entity @s new:despawn",
            "/execute @s ~~~ detect ~-1~~ air 0 /event entity @s new:despawn",

            "/function diamond_hammer/traduccion"
          ]
        },
        "lapis_hammer1": {
          "transitions": [
            {
              "default": "1.0"
            }
          ],
          "on_exit": [
          	"/execute @s ~~~ detect ~~~1 air 0 /fill ~-1~-1~~1~1~ air 0 destroy",
            "/execute @s ~~~ detect ~~~-1 air 0 /fill ~-1~-1~~1~1~ air 0 destroy",

            "/execute @s ~~~ detect ~~1~ air 0 /event entity @s new:despawn",
            "/execute @s ~~~ detect ~~-1~ air 0 /event entity @s new:despawn",

            "/function lapis_hammer/traduccion",
            "/function lapis_hammer/traduccion_two"
          ]
        },
        "lapis_hammer2": {
          "transitions": [
            {
              "default": "1.0"
            }
          ],
          "on_exit": [
          	"/execute @s ~~~ detect ~1~~ air 0 /fill ~~-1~-1~~1~1 air 0 destroy",              	
            "/execute @s ~~~ detect ~-1~~ air 0 /fill ~~-1~-1~~1~1 air 0 destroy",

            "/execute @s ~~~ detect ~~1~ air 0 /event entity @s new:despawn",
            "/execute @s ~~~ detect ~~-1~ air 0 /event entity @s new:despawn",

            "/function lapis_hammer/traduccion",
            "/function lapis_hammer/traduccion_two"
          ]
        },
        "lapis_hammer3": {
          "transitions": [
            {
              "default": "1.0"
            }
          ],
          "on_exit": [
          	"/execute @s ~~~ detect ~~1~ air 0 /fill ~-1~~-1~1~~1 air 0 destroy",              	
            "/execute @s ~~~ detect ~~-1~ air 0 /fill ~-1~~-1~1~~1 air 0 destroy",

            "/execute @s ~~~ detect ~~~1 air 0 /event entity @s new:despawn",
            "/execute @s ~~~ detect ~~~-1 air 0 /event entity @s new:despawn",
            "/execute @s ~~~ detect ~1~~ air 0 /event entity @s new:despawn",
            "/execute @s ~~~ detect ~-1~~ air 0 /event entity @s new:despawn",

            "/function lapis_hammer/traduccion",
            "/function lapis_hammer/traduccion_two"
          ]
        },
        "redstone_hammer1": {
          "transitions": [
            {
              "default": "1.0"
            }
          ],
          "on_exit": [
          	"/execute @s ~~~ detect ~~~1 air 0 /fill ~-1~-1~~1~1~ air 0 destroy",
            "/execute @s ~~~ detect ~~~-1 air 0 /fill ~-1~-1~~1~1~ air 0 destroy",

            "/execute @s ~~~ detect ~~1~ air 0 /event entity @s new:despawn",
            "/execute @s ~~~ detect ~~-1~ air 0 /event entity @s new:despawn",

            "/function redstone_hammer/traduccion",
            "/function redstone_hammer/traduccion_two"
          ]
        },
        "redstone_hammer2": {
          "transitions": [
            {
              "default": "1.0"
            }
          ],
          "on_exit": [
          	"/execute @s ~~~ detect ~1~~ air 0 /fill ~~-1~-1~~1~1 air 0 destroy",              	
            "/execute @s ~~~ detect ~-1~~ air 0 /fill ~~-1~-1~~1~1 air 0 destroy",

            "/execute @s ~~~ detect ~~1~ air 0 /event entity @s new:despawn",
            "/execute @s ~~~ detect ~~-1~ air 0 /event entity @s new:despawn",

            "/function redstone_hammer/traduccion",
            "/function redstone_hammer/traduccion_two"
          ]
        },
        "redstone_hammer3": {
          "transitions": [
            {
              "default": "1.0"
            }
          ],
          "on_exit": [
          	"/execute @s ~~~ detect ~~1~ air 0 /fill ~-1~~-1~1~~1 air 0 destroy",              	
            "/execute @s ~~~ detect ~~-1~ air 0 /fill ~-1~~-1~1~~1 air 0 destroy",

            "/execute @s ~~~ detect ~~~1 air 0 /event entity @s new:despawn",
            "/execute @s ~~~ detect ~~~-1 air 0 /event entity @s new:despawn",
            "/execute @s ~~~ detect ~1~~ air 0 /event entity @s new:despawn",
            "/execute @s ~~~ detect ~-1~~ air 0 /event entity @s new:despawn",

            "/function redstone_hammer/traduccion",
            "/function redstone_hammer/traduccion_two"
          ]
        },
        "emerald_hammer1": {
          "transitions": [
            {
              "default": "1.0"
            }
          ],
          "on_exit": [
          	"/execute @s ~~~ detect ~~~1 air 0 /fill ~-1~-1~~1~1~ air 0 destroy",
            "/execute @s ~~~ detect ~~~-1 air 0 /fill ~-1~-1~~1~1~ air 0 destroy",

            "/execute @s ~~~ detect ~~1~ air 0 /event entity @s new:despawn",
            "/execute @s ~~~ detect ~~-1~ air 0 /event entity @s new:despawn",

            "/function diamond_hammer/traduccion",
            "/function emerald_hammer/traduccion_two"
          ]
        },
        "emerald_hammer2": {
          "transitions": [
            {
              "default": "1.0"
            }
          ],
          "on_exit": [
          	"/execute @s ~~~ detect ~1~~ air 0 /fill ~~-1~-1~~1~1 air 0 destroy",              	
            "/execute @s ~~~ detect ~-1~~ air 0 /fill ~~-1~-1~~1~1 air 0 destroy",

            "/execute @s ~~~ detect ~~1~ air 0 /event entity @s new:despawn",
            "/execute @s ~~~ detect ~~-1~ air 0 /event entity @s new:despawn",

            "/function diamond_hammer/traduccion",
            "/function emerald_hammer/traduccion_two"
          ]
        },
        "emerald_hammer3": {
          "transitions": [
            {
              "default": "1.0"
            }
          ],
          "on_exit": [
          	"/execute @s ~~~ detect ~~1~ air 0 /fill ~-1~~-1~1~~1 air 0 destroy",              	
            "/execute @s ~~~ detect ~~-1~ air 0 /fill ~-1~~-1~1~~1 air 0 destroy",

            "/execute @s ~~~ detect ~~~1 air 0 /event entity @s new:despawn",
            "/execute @s ~~~ detect ~~~-1 air 0 /event entity @s new:despawn",
            "/execute @s ~~~ detect ~1~~ air 0 /event entity @s new:despawn",
            "/execute @s ~~~ detect ~-1~~ air 0 /event entity @s new:despawn",

            "/function diamond_hammer/traduccion",
            "/function emerald_hammer/traduccion_two"
          ]
        },
        "obsidian_hammer1": {
          "transitions": [
            {
              "default": "1.0"
            }
          ],
          "on_exit": [
          	"/execute @s ~~~ detect ~~~1 air 0 /fill ~-1~-1~~1~1~ air 0 destroy",
            "/execute @s ~~~ detect ~~~-1 air 0 /fill ~-1~-1~~1~1~ air 0 destroy",

            "/execute @s ~~~ detect ~~1~ air 0 /event entity @s new:despawn",
            "/execute @s ~~~ detect ~~-1~ air 0 /event entity @s new:despawn"
          ]
        },
        "obsidian_hammer2": {
          "transitions": [
            {
              "default": "1.0"
            }
          ],
          "on_exit": [
          	"/execute @s ~~~ detect ~1~~ air 0 /fill ~~-1~-1~~1~1 air 0 destroy",              	
            "/execute @s ~~~ detect ~-1~~ air 0 /fill ~~-1~-1~~1~1 air 0 destroy",

            "/execute @s ~~~ detect ~~1~ air 0 /event entity @s new:despawn",
            "/execute @s ~~~ detect ~~-1~ air 0 /event entity @s new:despawn"
          ]
        },
        "obsidian_hammer3": {
          "transitions": [
            {
              "default": "1.0"
            }
          ],
          "on_exit": [
          	"/execute @s ~~~ detect ~~1~ air 0 /fill ~-1~~-1~1~~1 air 0 destroy",              	
            "/execute @s ~~~ detect ~~-1~ air 0 /fill ~-1~~-1~1~~1 air 0 destroy",

            "/execute @s ~~~ detect ~~~1 air 0 /event entity @s new:despawn",
            "/execute @s ~~~ detect ~~~-1 air 0 /event entity @s new:despawn",
            "/execute @s ~~~ detect ~1~~ air 0 /event entity @s new:despawn",
            "/execute @s ~~~ detect ~-1~~ air 0 /event entity @s new:despawn"
          ]
        }
      }
    }
  }
}