{
  "format_version": "1.10.0",
  "animation_controllers": {
    "controller.animation.hoe_in_area": {
      "states": {
        "default": {
          "transitions": [
            {
              "hoe_in_area": "query.is_saddled"
            }
          ]
        },
        "hoe_in_area": {
          "transitions": [
            {
              "default": "1.0"
            }
          ],
          "on_entry": [
            "/fill ~-1 ~-1 ~-1 ~1 ~ ~1 farmland 1 replace grass",
            "/fill ~-1 ~-1 ~-1 ~1 ~ ~1 farmland 1 replace dirt"
          ]
        }
      }
    }
  }
}