{
  "format_version": "1.10.0",
  "animation_controllers": {
    "controller.animation.sickle": {
      "initial_state": "default",
      "states": {
        "default": {
          "transitions": [
            {
              "sickle1": "query.variant == 26"
            },
            {
              "sickle2": "query.variant == 27"
            },
            {
              "sickle3": "query.variant == 28"
            }
          ]
        },
        "sickle1": {
          "transitions": [
            {
              "default": "1.0"
            }
          ],
          "on_exit": [
            "/execute @s ~~~ detect ~~~1 air 0 /fill ~-1~-1~~1~1~ air 0 destroy",
            "/execute @s ~~~ detect ~~~-1 air 0 /fill ~-1~-1~~1~1~ air 0 destroy",

            "/execute @s ~~~ detect ~~1~ air 0 /event entity @s new:despawn",
            "/execute @s ~~~ detect ~~-1~ air 0 /event entity @s new:despawn"
          ]
        },
        "sickle2": {
          "transitions": [
            {
              "default": "1.0"
            }
          ],
          "on_exit": [
            "/execute @s ~~~ detect ~1~~ air 0 /fill ~~-1~-1~~1~1 air 0 destroy",
            "/execute @s ~~~ detect ~-1~~ air 0 /fill ~~-1~-1~~1~1 air 0 destroy",

            "/execute @s ~~~ detect ~~1~ air 0 /event entity @s new:despawn",
            "/execute @s ~~~ detect ~~-1~ air 0 /event entity @s new:despawn"
          ]
        },
        "sickle3": {
          "transitions": [
            {
              "default": "1.0"
            }
          ],
          "on_exit": [
            "/execute @s ~~~ detect ~~1~ air 0 /fill ~-1~~-1~1~~1 air 0 destroy",
            "/execute @s ~~~ detect ~~-1~ air 0 /fill ~-1~~-1~1~~1 air 0 destroy",

            "/execute @s ~~~ detect ~~~1 air 0 /event entity @s new:despawn",
            "/execute @s ~~~ detect ~~~-1 air 0 /event entity @s new:despawn",
            "/execute @s ~~~ detect ~1~~ air 0 /event entity @s new:despawn",
            "/execute @s ~~~ detect ~-1~~ air 0 /event entity @s new:despawn"
          ]
        }
      }
    }
  }
}