{
  "format_version": "1.8.0",
  "render_controllers": {
    "controller.render.3d_item": {
      "arrays": {
        "geometries": {
          "array.geos": [
            "geometry.sickle",
            "geometry.hammer",
            "geometry.hammer",
            "geometry.hammer",
            "geometry.hammer",
            "geometry.hammer",
            "geometry.hammer",
            "geometry.hammer",
            "geometry.hammer",
            "geometry.hammer",
            "geometry.hammer",

            "geometry.great_axe",
            "geometry.great_axe",
            "geometry.great_axe",
            "geometry.great_axe",
            "geometry.great_axe",
            "geometry.great_axe",
            "geometry.great_axe",
            "geometry.great_axe",
            "geometry.great_axe",
            "geometry.great_axe",
            
            "geometry.sickle",
            "geometry.sickle",
            "geometry.sickle",
            "geometry.sickle",
            "geometry.sickle",
            "geometry.sickle",
            "geometry.sickle",
            "geometry.sickle",
            "geometry.sickle"
          ]
        },
        "textures": {
          "Array.skins": [
            "Texture.redstone_sickle",
            "Texture.iron_hammer",
            "Texture.diamond_hammer",
            "Texture.netherite_hammer",
            "Texture.gold_hammer",
            "Texture.obsidian_hammer",
            "Texture.emerald_hammer",
            "Texture.lapis_hammer",
            "Texture.stone_hammer",
            "Texture.wood_hammer",
            "Texture.redstone_hammer",

            "Texture.iron_great_axe",
            "Texture.diamond_great_axe",
            "Texture.netherite_great_axe",
            "Texture.gold_great_axe",
            "Texture.obsidian_great_axe",
            "Texture.emerald_great_axe",
            "Texture.lapis_great_axe",
            "Texture.stone_great_axe",
            "Texture.wood_great_axe",
            "Texture.redstone_great_axe",

            "Texture.iron_sickle",
            "Texture.diamond_sickle",
            "Texture.netherite_sickle",
            "Texture.gold_sickle",
            "Texture.obsidian_sickle",
            "Texture.emerald_sickle",
            "Texture.lapis_sickle",
            "Texture.stone_sickle",
            "Texture.wood_sickle"

          ]
        }
      },
      "geometry": "Array.geos[query.mark_variant]",
      "materials": [ { "*": "Material.default" } ],
      "textures": [ "Array.skins[query.mark_variant]" ]
    }
  }
}
