{
  "format_version": "1.10.0",
  "minecraft:client_entity": {
    "description": {
      "identifier": "new:treeditem",
      "materials": {
        "default": "player_hammer_tool"
      },
      "textures": {
        "redstone_sickle": "textures/sickle/redstone_sickle",

        "iron_hammer": "textures/hammers/iron",
        "diamond_hammer": "textures/hammers/diamond",
        "netherite_hammer": "textures/hammers/netherite",
        "gold_hammer": "textures/hammers/gold",
        "obsidian_hammer": "textures/hammers/obsidian",
        "emerald_hammer": "textures/hammers/emerald",
        "lapis_hammer": "textures/hammers/lapis",
        "stone_hammer": "textures/hammers/stone",
        "wood_hammer": "textures/hammers/wood",
        "redstone_hammer": "textures/hammers/redstone",

        "iron_sickle": "textures/sickle/iron_sickle",
        "diamond_sickle": "textures/sickle/diamond_sickle",
        "netherite_sickle": "textures/sickle/netherite_sickle",
        "gold_sickle": "textures/sickle/gold_sickle",
        "obsidian_sickle": "textures/sickle/obsidian_sickle",
        "emerald_sickle": "textures/sickle/emerald_sickle",
        "lapis_sickle": "textures/sickle/lapis_sickle",
        "stone_sickle": "textures/sickle/stone_sickle",
        "wood_sickle": "textures/sickle/wood_sickle",

        "iron_great_axe": "textures/great_axe/iron",
        "diamond_great_axe": "textures/great_axe/diamond",
        "netherite_great_axe": "textures/great_axe/netherite",
        "gold_great_axe": "textures/great_axe/gold",
        "obsidian_great_axe": "textures/great_axe/obsidian",
        "emerald_great_axe": "textures/great_axe/emerald",
        "lapis_great_axe": "textures/great_axe/lapis",
        "stone_great_axe": "textures/great_axe/stone",
        "wood_great_axe": "textures/great_axe/wood",
        "redstone_great_axe": "textures/great_axe/redstone"
      },
      "geometry": {
        "hammer": "geometry.hammer",
        "great_axe": "geometry.great_axe2",
        "sickle": "geometry.sickle2"
      },
      "animations": {
        "rotate": "animation.treeditem.rotate"
      },
      "scripts": {
        "scale": "0.7",
        "animate": [
          "rotate"
        ]
      },
      "render_controllers": [
        "controller.render.3d_item"
      ]
    }
  }
}