{
  "format_version": "1.16.100",
  "minecraft:item": {
    "description": {
      "identifier": "new:stone_hammer",
      "category": "equipment"
    },
    "components": {
      "minecraft:creative_category": {
        "parent": "itemGroup.name.pickaxe"
      },
      "minecraft:render_offset": {
        "main_hand": {
          "first_person": {
            "scale": 0
          },
          "third_person": {
            "scale": 0
          }
        }
      },
      "minecraft:hand_equipped": false,
      "minecraft:max_stack_size": 1,
      "minecraft:durability": {
        "max_durability": 131
      },
      "minecraft:repairable": {
        "repair_items": [
          {
            "items": [
              "minecraft:stone",
              "new:stone_hammer"
            ]
          }
        ]
      },
      "minecraft:icon": {
        "texture": "stone_hammer"
      },
      "minecraft:display_name": {},
      "tag:minecraft:is_pickaxe": {},
      "minecraft:mining_speed": 8,
      "minecraft:damage": 3,
      "minecraft:enchantable": {
        "value": 10,
        "slot": "pickaxe"
      },
      "minecraft:can_destroy_in_creative": false,
      "minecraft:digger": {
        "on_dig": {
          "event": "new:durability_attack",
          "target": "self"
        },
        "use_efficiency": true,
        "destroy_speeds": [
          {
            "block": {
              "tags": "q.any_tag('stone')"
            },
            "speed": 3,
            "on_dig": {
              "event": "durability_pickaxe",
              "target": "self"
            }
          },
          {
            "block": "minecraft:ice",
            "speed": 3,
            "on_dig": {
              "event": "durability_pickaxe",
              "target": "self"
            }
          },
          {
            "block": "minecraft:coal_ore",
            "speed": 3,
            "on_dig": {
              "event": "durability_pickaxe",
              "target": "self"
            }
          },
          {
            "block": "minecraft:iron_ore",
            "speed": 3,
            "on_dig": {
              "event": "durability_pickaxe",
              "target": "self"
            }
          },
          {
            "block": "minecraft:lapis_ore",
            "speed": 3,
            "on_dig": {
              "event": "durability_pickaxe",
              "target": "self"
            }
          },
          {
            "block": "minecraft:quartz_ore",
            "speed": 3,
            "on_dig": {
              "event": "durability_pickaxe",
              "target": "self"
            }
          },
          {
            "block": "minecraft:prismarine",
            "speed": 3,
            "on_dig": {
              "event": "durability_pickaxe",
              "target": "self"
            }
          },
          {
            "block": "minecraft:end_stone",
            "speed": 3,
            "on_dig": {
              "event": "durability_pickaxe",
              "target": "self"
            }
          },
          {
            "block": "minecraft:netherrack",
            "speed": 3,
            "on_dig": {
              "event": "durability_pickaxe",
              "target": "self"
            }
          },
          {
            "block": "minecraft:sandstone",
            "speed": 3,
            "on_dig": {
              "event": "durability_pickaxe",
              "target": "self"
            }
          },
          {
            "block": "minecraft:bone_block",
            "speed": 3,
            "on_dig": {
              "event": "durability_pickaxe",
              "target": "self"
            }
          },
          {
            "block": "minecraft:gilded_blackstone",
            "speed": 3,
            "on_dig": {
              "event": "durability_pickaxe",
              "target": "self"
            }
          },
          {
            "block": "minecraft:blackstone",
            "speed": 3,
            "on_dig": {
              "event": "durability_pickaxe",
              "target": "self"
            }
          },
          {
            "block": "minecraft:magma",
            "speed": 3,
            "on_dig": {
              "event": "durability_pickaxe",
              "target": "self"
            }
          },
          {
            "block": "minecraft:mob_spawner",
            "speed": 3,
            "on_dig": {
              "event": "durability_pickaxe",
              "target": "self"
            }
          },
          {
            "block": "minecraft:basalt",
            "speed": 3,
            "on_dig": {
              "event": "durability_pickaxe",
              "target": "self"
            }
          },
          {
            "block": "minecraft:furnace",
            "speed": 3,
            "on_dig": {
              "event": "durability_pickaxe",
              "target": "self"
            }
          },
          {
            "block": "minecraft:blast_furnace",
            "speed": 3,
            "on_dig": {
              "event": "durability_pickaxe",
              "target": "self"
            }
          },
          {
            "block": "minecraft:smoker",
            "speed": 3,
            "on_dig": {
              "event": "durability_pickaxe",
              "target": "self"
            }
          },
          {
            "block": "minecraft:moster_egg",
            "speed": 3,
            "on_dig": {
              "event": "durability_pickaxe",
              "target": "self"
            }
          },
          {
            "block": "minecraft:nether_gold_ore",
            "speed": 3,
            "on_dig": {
              "event": "durability_pickaxe",
              "target": "self"
            }
          },
          {
            "block": "minecraft:coal_block",
            "speed": 3,
            "on_dig": {
              "event": "durability_pickaxe",
              "target": "self"
            }
          },
          {
            "block": "minecraft:lapis_block",
            "speed": 3,
            "on_dig": {
              "event": "durability_pickaxe",
              "target": "self"
            }
          },
          {
            "block": "minecraft:iron_block",
            "speed": 3,
            "on_dig": {
              "event": "durability_pickaxe",
              "target": "self"
            }
          },
          {
            "block": "minecraft:quartz_block",
            "speed": 3,
            "on_dig": {
              "event": "durability_pickaxe",
              "target": "self"
            }
          },
          {
            "block": "minecraft:red_sandstone",
            "speed": 3,
            "on_dig": {
              "event": "durability_pickaxe",
              "target": "self"
            }
          },
          {
            "block": "minecraft:polished_basalt",
            "speed": 3,
            "on_dig": {
              "event": "durability_pickaxe",
              "target": "self"
            }
          },
          {
            "block": "minecraft:stonebrick",
            "speed": 3,
            "on_dig": {
              "event": "durability_pickaxe",
              "target": "self"
            }
          },
          {
            "block": "minecraft:end_bricks",
            "speed": 3,
            "on_dig": {
              "event": "durability_pickaxe",
              "target": "self"
            }
          },
          {
            "block": "minecraft:quartz_bricks",
            "speed": 3,
            "on_dig": {
              "event": "durability_pickaxe",
              "target": "self"
            }
          },
          {
            "block": "minecraft:prismarine_bricks",
            "speed": 3,
            "on_dig": {
              "event": "durability_pickaxe",
              "target": "self"
            }
          },
          {
            "block": "minecraft:anvil",
            "speed": 3,
            "on_dig": {
              "event": "durability_pickaxe",
              "target": "self"
            }
          },
          {
            "block": "minecraft:enchanting_table",
            "speed": 3,
            "on_dig": {
              "event": "durability_pickaxe",
              "target": "self"
            }
          },
          {
            "block": "minecraft:cobblestone_wall",
            "speed": 3,
            "on_dig": {
              "event": "durability_pickaxe",
              "target": "self"
            }
          },
          {
            "block": "minecraft:stone_stair",
            "speed": 3,
            "on_dig": {
              "event": "durability_pickaxe",
              "target": "self"
            }
          },
          {
            "block": "minecraft:blackstone_stair",
            "speed": 3,
            "on_dig": {
              "event": "durability_pickaxe",
              "target": "self"
            }
          },
          {
            "block": "minecraft:cobblestone_stair",
            "speed": 3,
            "on_dig": {
              "event": "durability_pickaxe",
              "target": "self"
            }
          },
          {
            "block": "minecraft:hopper",
            "speed": 3,
            "on_dig": {
              "event": "durability_pickaxe",
              "target": "self"
            }
          },
          {
            "block": "minecraft:rail",
            "speed": 3,
            "on_dig": {
              "event": "durability_pickaxe",
              "target": "self"
            }
          },
          {
            "block": "minecraft:mossy_cobblestone",
            "speed": 3,
            "on_dig": {
              "event": "durability_pickaxe",
              "target": "self"
            }
          },
          {
            "block": "minecraft:nether_brick",
            "speed": 3,
            "on_dig": {
              "event": "durability_pickaxe",
              "target": "self"
            }
          },
          {
            "block": "minecraft:red_nether_brick",
            "speed": 3,
            "on_dig": {
              "event": "durability_pickaxe",
              "target": "self"
            }
          },
          {
            "block": "minecraft:concrete",
            "speed": 3,
            "on_dig": {
              "event": "durability_pickaxe",
              "target": "self"
            }
          },
          {
            "block": "minecraft:brick_block",
            "speed": 3,
            "on_dig": {
              "event": "durability_pickaxe",
              "target": "self"
            }
          },
          {
            "block": "minecraft:cracked_nether_bricks",
            "speed": 3,
            "on_dig": {
              "event": "durability_pickaxe",
              "target": "self"
            }
          },
          {
            "block": "minecraft:polished_blackstone",
            "speed": 3,
            "on_dig": {
              "event": "durability_pickaxe",
              "target": "self"
            }
          },
          {
            "block": "minecraft:chiseled_polished_blackstone",
            "speed": 3,
            "on_dig": {
              "event": "durability_pickaxe",
              "target": "self"
            }
          },
          {
            "block": "minecraft:polished_blackstone_bricks",
            "speed": 3,
            "on_dig": {
              "event": "durability_pickaxe",
              "target": "self"
            }
          },
          {
            "block": "minecraft:cracked_polished_blackstone_bricks",
            "speed": 3,
            "on_dig": {
              "event": "durability_pickaxe",
              "target": "self"
            }
          },
          {
            "block": "minecraft:stone_slab1",
            "speed": 3,
            "on_dig": {
              "event": "durability_pickaxe",
              "target": "self"
            }
          },
          {
            "block": "minecraft:stone_slab3",
            "speed": 3,
            "on_dig": {
              "event": "durability_pickaxe",
              "target": "self"
            }
          },
          {
            "block": "minecraft:stone_slab13",
            "speed": 3,
            "on_dig": {
              "event": "durability_pickaxe",
              "target": "self"
            }
          },
          {
            "block": "minecraft:stone_slab4",
            "speed": 3,
            "on_dig": {
              "event": "durability_pickaxe",
              "target": "self"
            }
          },
          {
            "block": "minecraft:stonecutter_block",
            "speed": 3,
            "on_dig": {
              "event": "durability_pickaxe",
              "target": "self"
            }
          }
        ]
      }
    },
    "events": {
      "durability_not": {
        "damage": {
          "type": "durability",
          "amount": 1
        }
      },
      "durability_pickaxe": {
        "sequence": [
          {
            "damage": {
              "type": "durability",
              "amount": 2
            }
          },
          {
            "condition": "!query.is_sneaking",
             "run_command": {
              "command": [
                "summon new:hammer ~~~",
                "execute @e[type=new:hammer,r=1] ~~~ detect ~~~1 air 0 event entity @s new:stone_hammer1",
                "execute @e[type=new:hammer,r=1] ~~~ detect ~1~~ air 0 event entity @s new:stone_hammer2",
                "execute @e[type=new:hammer,r=1] ~~~ detect ~~~-1 air 0 event entity @s new:stone_hammer1",              
                "execute @e[type=new:hammer,r=1] ~~~ detect ~-1~~ air 0 event entity @s new:stone_hammer2"
              ],
              "target": "block"       
            }
          },
          {
            "condition": "query.is_sneaking",
            "run_command": {
              "command": [
                "summon new:hammer ~~~",
                "execute @e[type=new:hammer,r=1] ~~~ detect ~~1~ air 0 event entity @s new:stone_hammer3",
                "execute @e[type=new:hammer,r=1] ~~~ detect ~~-1~ air 0 event entity @s new:stone_hammer3"
                
              ],
              "target": "block"       
            }
          }
        ]
      }
    }
   }
}