{
  "format_version": "1.13.0",
  "minecraft:entity": {
    "description": {
      "identifier": "new:treeditem",
      "is_spawnable": false,
      "is_summonable": false,
      "is_experimental": false
    },
    "component_groups": {
      "iron_sickle": {
        "minecraft:mark_variant": {
          "value": 21
        }
      },
      "diamond_sickle": {
        "minecraft:mark_variant": {
          "value": 22
        }
      },
      "netherite_sickle": {
        "minecraft:mark_variant": {
          "value": 23
        }
      },
      "gold_sickle": {
        "minecraft:mark_variant": {
          "value": 24
        }
      },
      "obsidian_sickle": {
        "minecraft:mark_variant": {
          "value": 25
        }
      },
      "emerald_sickle": {
        "minecraft:mark_variant": {
          "value": 26
        }
      },
      "lapis_sickle": {
        "minecraft:mark_variant": {
          "value": 27
        }
      },
      "stone_sickle": {
        "minecraft:mark_variant": {
          "value": 28
        }
      },
      "wood_sickle": {
        "minecraft:mark_variant": {
          "value": 29
        }
      },
      "redstone_sickle": {
        "minecraft:mark_variant": {
          "value": 30
        }
      },

      "iron_hammer": {
        "minecraft:mark_variant": {
          "value": 1
        }
      },
      "diamond_hammer": {
        "minecraft:mark_variant": {
          "value": 2
        }
      },
      "netherite_hammer": {
        "minecraft:mark_variant": {
          "value": 3
        }
      },
      "gold_hammer": {
        "minecraft:mark_variant": {
          "value": 4
        }
      },
      "obsidian_hammer": {
        "minecraft:mark_variant": {
          "value": 5
        }
      },
      "emerald_hammer": {
        "minecraft:mark_variant": {
          "value": 6
        }
      },
      "lapis_hammer": {
        "minecraft:mark_variant": {
          "value": 7
        }
      },
      "stone_hammer": {
        "minecraft:mark_variant": {
          "value": 8
        }
      },
      "wood_hammer": {
        "minecraft:mark_variant": {
          "value": 9
        }
      },
      "redstone_hammer": {
        "minecraft:mark_variant": {
          "value": 10
        }
      },
      "iron_great_axe": {
        "minecraft:mark_variant": {
          "value": 11
        }
      },
      "diamond_great_axe": {
        "minecraft:mark_variant": {
          "value": 12
        }
      },
      "netherite_great_axe": {
        "minecraft:mark_variant": {
          "value": 13
        }
      },
      "gold_great_axe": {
        "minecraft:mark_variant": {
          "value": 14
        }
      },
      "obsidian_great_axe": {
        "minecraft:mark_variant": {
          "value": 15
        }
      },
      "emerald_great_axe": {
        "minecraft:mark_variant": {
          "value": 16
        }
      },
      "lapis_great_axe": {
        "minecraft:mark_variant": {
          "value": 17
        }
      },
      "stone_great_axe": {
        "minecraft:mark_variant": {
          "value": 18
        }
      },
      "wood_great_axe": {
        "minecraft:mark_variant": {
          "value": 19
        }
      },
      "redstone_great_axe": {
        "minecraft:mark_variant": {
          "value": 20
        }
      }
    },
    "components": {
      "minecraft:type_family": {
        "family": [ "3ditem" ]
      },
      "minecraft:collision_box": {
        "width": 0.0,
        "height": 0.0
      },
      "minecraft:damage_sensor": {
        "triggers": {
          "cause": "all",
          "deals_damage": false
        }
      },
      "minecraft:despawn": {
        "filters": {
          "test": "is_riding",
          "operator": "==",
          "value": false
        }
      }
    },
    "events": {
      "new:iron_hammer": {
        "add": {
          "component_groups": [
            "iron_hammer"
          ]
        }
      },
      "new:diamond_hammer": {
        "add": {
          "component_groups": [
            "diamond_hammer"
          ]
        }
      },
      "new:netherite_hammer": {
        "add": {
          "component_groups": [
            "netherite_hammer"
          ]
        }
      },
      "new:gold_hammer": {
        "add": {
          "component_groups": [
            "gold_hammer"
          ]
        }
      },
      "new:obsidian_hammer": {
        "add": {
          "component_groups": [
            "obsidian_hammer"
          ]
        }
      },
      "new:emerald_hammer": {
        "add": {
          "component_groups": [
            "emerald_hammer"
          ]
        }
      },
      "new:lapis_hammer": {
        "add": {
          "component_groups": [
            "lapis_hammer"
          ]
        }
      },
      "new:stone_hammer": {
        "add": {
          "component_groups": [
            "stone_hammer"
          ]
        }
      },
      "new:wood_hammer": {
        "add": {
          "component_groups": [
            "wood_hammer"
          ]
        }
      },
      "new:redstone_hammer": {
        "add": {
          "component_groups": [
            "redstone_hammer"
          ]
        }
      },
      "new:iron_great_axe": {
        "add": {
          "component_groups": [
            "iron_great_axe"
          ]
        }
      },
      "new:diamond_great_axe": {
        "add": {
          "component_groups": [
            "diamond_great_axe"
          ]
        }
      },
      "new:netherite_great_axe": {
        "add": {
          "component_groups": [
            "netherite_great_axe"
          ]
        }
      },
      "new:gold_great_axe": {
        "add": {
          "component_groups": [
            "gold_great_axe"
          ]
        }
      },
      "new:obsidian_great_axe": {
        "add": {
          "component_groups": [
            "obsidian_great_axe"
          ]
        }
      },
      "new:emerald_great_axe": {
        "add": {
          "component_groups": [
            "emerald_great_axe"
          ]
        }
      },
      "new:lapis_great_axe": {
        "add": {
          "component_groups": [
            "lapis_great_axe"
          ]
        }
      },
      "new:stone_great_axe": {
        "add": {
          "component_groups": [
            "stone_great_axe"
          ]
        }
      },
      "new:wood_great_axe": {
        "add": {
          "component_groups": [
            "wood_great_axe"
          ]
        }
      },
      "new:redstone_great_axe": {
        "add": {
          "component_groups": [
            "redstone_great_axe"
          ]
        }
      },
      "new:iron_sickle": {
        "add": {
          "component_groups": [
            "iron_sickle"
          ]
        }
      },
      "new:diamond_sickle": {
        "add": {
          "component_groups": [
            "diamond_sickle"
          ]
        }
      },
      "new:netherite_sickle": {
        "add": {
          "component_groups": [
            "netherite_sickle"
          ]
        }
      },
      "new:gold_sickle": {
        "add": {
          "component_groups": [
            "gold_sickle"
          ]
        }
      },
      "new:obsidian_sickle": {
        "add": {
          "component_groups": [
            "obsidian_sickle"
          ]
        }
      },
      "new:emerald_sickle": {
        "add": {
          "component_groups": [
            "emerald_sickle"
          ]
        }
      },
      "new:lapis_sickle": {
        "add": {
          "component_groups": [
            "lapis_sickle"
          ]
        }
      },
      "new:stone_sickle": {
        "add": {
          "component_groups": [
            "stone_sickle"
          ]
        }
      },
      "new:wood_sickle": {
        "add": {
          "component_groups": [
            "wood_sickle"
          ]
        }
      },
      "new:redstone_sickle": {
        "add": {
          "component_groups": [
            "redstone_sickle"
          ]
        }
      }
    }
  }
}