{
  "format_version": "1.13.0",
  "minecraft:entity": {
    "description": {
      "identifier": "new:great_axe",
      "is_experimental": false,
      "is_summonable": true,
      "is_spawnable": false,
      "scripts": {
        "animate": [
          "great_axe"
        ]
      },
      "animations": {
        "great_axe": "controller.animation.great_axe"
      }
    },
    "component_groups": {
      "despawn": {
        "minecraft:despawn": {
        }
      },
      "great_axe": {
        "minecraft:variant": {
          "value": 25
        }
      }
    },
    "components": {
      "minecraft:damage_sensor": {
        "triggers": [
          {
            "cause": "all",
            "deals_damage": false
          }
        ]
      },
      "minecraft:physics": {
      },
      "minecraft:timer": {
        "time": 0.2,
        "time_down_event": {
          "event": "new:despawn"
        }
      },
      "minecraft:pushable": {
      },
      "minecraft:collision_box": {
        "width": 0.1,
        "height": 0.1
      }
    },
    "events": {
      "new:great_axe": {
        "add": {
          "component_groups": [
            "great_axe"
          ]
        }
      },
      "new:despawn": {
        "add": {
          "component_groups": [
            "despawn"
          ]
        }
      }
    }
  }
}