{
  "format_version": "1.13.0",
  "minecraft:entity": {
    "description": {
      "identifier": "new:hammer",
      "is_experimental": false,
      "is_summonable": true,
      "is_spawnable": false,
      "scripts": {
        "animate": [
          "hammer"
        ]
      },
      "animations": {
        "hammer": "controller.animation.hammer"
      }
    },
    "component_groups": {
      "despawn": {
        "minecraft:despawn": {
        }
      },
      "wood_hammer1": {
        "minecraft:variant": {
          "value": 1
        }
      },
      "wood_hammer2": {
        "minecraft:variant": {
          "value": 8
        }
      },
      "wood_hammer3": {
        "minecraft:variant": {
          "value": 9
        }
      },
      "stone_hammer1": {
        "minecraft:variant": {
          "value": 2
        }
      },
      "stone_hammer2": {
        "minecraft:variant": {
          "value": 10
        }
      },
      "stone_hammer3": {
        "minecraft:variant": {
          "value": 11
        }
      },
      "iron_hammer1": {
        "minecraft:variant": {
          "value": 3
        }
      },
      "iron_hammer2": {
        "minecraft:variant": {
          "value": 12
        }
      },
      "iron_hammer3": {
        "minecraft:variant": {
          "value": 13
        }
      },
      "diamond_hammer1": {
        "minecraft:variant": {
          "value": 4
        }
      },
      "diamond_hammer2": {
        "minecraft:variant": {
          "value": 14
        }
      },
      "diamond_hammer3": {
        "minecraft:variant": {
          "value": 15
        }
      },
      "lapis_hammer1": {
        "minecraft:variant": {
          "value": 5
        }
      },
      "lapis_hammer2": {
        "minecraft:variant": {
          "value": 16
        }
      },
      "lapis_hammer3": {
        "minecraft:variant": {
          "value": 17
        }
      },
      "redstone_hammer1": {
        "minecraft:variant": {
          "value": 6
        }
      },
      "redstone_hammer2": {
        "minecraft:variant": {
          "value": 18
        }
      },
      "redstone_hammer3": {
        "minecraft:variant": {
          "value": 19
        }
      },
      "emerald_hammer1": {
        "minecraft:variant": {
          "value": 7
        }
      },
      "emerald_hammer2": {
        "minecraft:variant": {
          "value": 20
        }
      },
      "emerald_hammer3": {
        "minecraft:variant": {
          "value": 21
        }
      },
      "obsidian_hammer1": {
        "minecraft:variant": {
          "value": 22
        }
      },
      "obsidian_hammer2": {
        "minecraft:variant": {
          "value": 23
        }
      },
      "obsidian_hammer3": {
        "minecraft:variant": {
          "value": 24
        }
      }
    },
    "components": {
      "minecraft:damage_sensor": {
        "triggers": [
          {
            "cause": "all",
            "deals_damage": false
          }
        ]
      },
      "minecraft:physics": {
      },
      "minecraft:timer": {
        "time": 0.2,
        "time_down_event": {
          "event": "new:despawn"
        }
      },
      "minecraft:pushable": {
      },
      "minecraft:collision_box": {
        "width": 0.1,
        "height": 0.1
      }
    },
    "events": {
      "new:wood_hammer1": {
        "add": {
          "component_groups": [
            "wood_hammer1"
          ]
        }
      },
      "new:wood_hammer2": {
        "add": {
          "component_groups": [
            "wood_hammer2"
          ]
        }
      },
      "new:wood_hammer3": {
        "add": {
          "component_groups": [
            "wood_hammer3"
          ]
        }
      },
      "new:iron_hammer1": {
        "add": {
          "component_groups": [
            "iron_hammer1"
          ]
        }
      },
      "new:iron_hammer2": {
        "add": {
          "component_groups": [
            "iron_hammer2"
          ]
        }
      },
      "new:iron_hammer3": {
        "add": {
          "component_groups": [
            "iron_hammer3"
          ]
        }
      },
      "new:stone_hammer1": {
        "add": {
          "component_groups": [
            "stone_hammer1"
          ]
        }
      },
      "new:stone_hammer2": {
        "add": {
          "component_groups": [
            "stone_hammer2"
          ]
        }
      },
      "new:stone_hammer3": {
        "add": {
          "component_groups": [
            "stone_hammer3"
          ]
        }
      },
      "new:diamond_hammer1": {
        "add": {
          "component_groups": [
            "diamond_hammer1"
          ]
        }
      },
      "new:diamond_hammer2": {
        "add": {
          "component_groups": [
            "diamond_hammer2"
          ]
        }
      },
      "new:diamond_hammer3": {
        "add": {
          "component_groups": [
            "diamond_hammer3"
          ]
        }
      },
      "new:lapis_hammer1": {
        "add": {
          "component_groups": [
            "lapis_hammer1"
          ]
        }
      },
      "new:lapis_hammer2": {
        "add": {
          "component_groups": [
            "lapis_hammer2"
          ]
        }
      },
      "new:lapis_hammer3": {
        "add": {
          "component_groups": [
            "lapis_hammer3"
          ]
        }
      },
      "new:redstone_hammer1": {
        "add": {
          "component_groups": [
            "redstone_hammer1"
          ]
        }
      },
      "new:redstone_hammer2": {
        "add": {
          "component_groups": [
            "redstone_hammer2"
          ]
        }
      },
      "new:redstone_hammer3": {
        "add": {
          "component_groups": [
            "redstone_hammer3"
          ]
        }
      },
      "new:emerald_hammer1": {
        "add": {
          "component_groups": [
            "emerald_hammer1"
          ]
        }
      },
      "new:emerald_hammer2": {
        "add": {
          "component_groups": [
            "emerald_hammer2"
          ]
        }
      },
      "new:emerald_hammer3": {
        "add": {
          "component_groups": [
            "emerald_hammer3"
          ]
        }
      },
      "new:obsidian_hammer1": {
        "add": {
          "component_groups": [
            "obsidian_hammer1"
          ]
        }
      },
      "new:obsidian_hammer2": {
        "add": {
          "component_groups": [
            "obsidian_hammer2"
          ]
        }
      },
      "new:obsidian_hammer3": {
        "add": {
          "component_groups": [
            "obsidian_hammer3"
          ]
        }
      },
      "new:despawn": {
        "add": {
          "component_groups": [
            "despawn"
          ]
        }
      }
    }
  }
}