{
  "format_version": "1.8.0",
  "minecraft:entity": {
    "description": {
      "identifier": "new:hoe_in_area",
      "is_spawnable": false,
      "is_summonable": true,
      "is_experimental": false,
	  "scripts": {
	    "animate": [
	      "hoe_in_area"
	    ]
	  },
	  "animations": {
	    "hoe_in_area": "controller.animation.hoe_in_area"
	  }
    },
	
	"component_groups": {
	  "hoe_in_area": {
	    "minecraft:is_saddled": {},
	    "minecraft:type_family": {
		  "family": [ "despawn" ]
		}
	  }
	},
	
    "components": {
	  "minecraft:despawn": {
	    "filters": {
		  "all_of": [
		    { "test": "is_family", "subject": "self", "value": "despawn" }
		  ]
		}
	  },
	  "minecraft:damage_sensor": {
	    "triggers": [
	      {
	        "cause": "all",
	        "deals_damage": false
	      }
	    ]
	  },
      "minecraft:projectile": {
        "on_hit": {
          "definition_event": {
            "affectProjectile": true,
            "eventTrigger": {
			  "event": "minecraft:event_explode",
			  "target": "self"
			}
          }
        },
        "power": 0.3,
        "gravity": 0.01,
        "angle_offset": 0,
        "inertia": 1,
        "liquid_inertia": 1
      },
      "minecraft:physics": {}
    },
	
	"events": {
	  "minecraft:event_explode": {
	    "add": {
	      "component_groups": [
	        "hoe_in_area"
	      ]
	    }
	  }
	}
  }
}