{
  "format_version": "1.13.0",
  "minecraft:entity": {
    "description": {
      "identifier": "new:sickle",
      "is_experimental": false,
      "is_summonable": true,
      "is_spawnable": false,
      "scripts": {
        "animate": [
          "sickle"
        ]
      },
      "animations": {
        "sickle": "controller.animation.sickle"
      }
    },
    "component_groups": {
      "despawn": {
        "minecraft:despawn": {
        }
      },
      "sickle1": {
        "minecraft:variant": {
          "value": 26
        }
      },
      "sickle2": {
        "minecraft:variant": {
          "value": 27
        }
      },
      "sickle3": {
        "minecraft:variant": {
          "value": 28
        }
      }
    },
    "components": {
      "minecraft:damage_sensor": {
        "triggers": [
          {
            "cause": "all",
            "deals_damage": false
          }
        ]
      },
      "minecraft:physics": {
      },
      "minecraft:timer": {
        "time": 0.2,
        "time_down_event": {
          "event": "new:despawn"
        }
      },
      "minecraft:pushable": {
      },
      "minecraft:collision_box": {
        "width": 0.1,
        "height": 0.1
      }
    },
    "events": {
      "new:sickle1": {
        "add": {
          "component_groups": [
            "sickle1"
          ]
        }
      },
      "new:sickle2": {
        "add": {
          "component_groups": [
            "sickle2"
          ]
        }
      },
      "new:sickle3": {
        "add": {
          "component_groups": [
            "sickle3"
          ]
        }
      },
      "new:despawn": {
        "add": {
          "component_groups": [
            "despawn"
          ]
        }
      }
    }
  }
}