{
	"format_version": "1.8.0",
	"animations": {
		"animation.treeditem.rotate": {
			"loop": true,
			"bones": {
				"rightitem": {
					"rotation": [ 0, "query.anim_time * 54.0", 0 ],
					"position": [ 0, "(math.cos(query.anim_time * -112.0) * 3.0) - 0.25", 0 ],
					"scale": [ 0.8, 0.8, 0.8 ]
				},
				"rightitem2": {
					"rotation": [ 0, "query.anim_time * 54.0", 0 ],
					"position": [ 0, "(math.cos(query.anim_time * -112.0) * 3.0) + 3", 0 ],
					"scale": [ 0.9, 0.9, 0.9 ]
				}
			}
		}
	}
}