{
	"format_version": "1.8.0",
	"animations": {
		"animation.player.sickle_tool.first_person": {
			"loop": true,
			"bones": {
				"rightitem": {
					"rotation": ["c.is_first_person ? 210 : 0", "c.is_first_person ? 180 : 0","c.is_first_person ? 40 : 0"],
				    "position": [ " c.is_first_person ? -7 : 0", "c.is_first_person ? 14 : 0", "c.is_first_person ? -10 : 0"]
				}
			}
		},
		"animation.player.sickle_tool": {
			"loop": true,
			"bones": {
			    "rightitem": {
			        "position": [ 8, 6.5, 1.8],
					"rotation": [90, 0, -90]
				}
			}
		}
	}
}