{
	"format_version": "1.8.0",
	"animations": {
		"animation.player.hammer_tool.first_person": {
			"loop": true,
			"bones": {
				"rightitem": {
					"rotation": ["c.is_first_person ? 150 : 0", "c.is_first_person ? 0 : 0","c.is_first_person ? 55 : 0"],
				    "position": [ " c.is_first_person ? 0 : 0", "c.is_first_person ? 4.5 : 0", "c.is_first_person ? 0 : 0"]
				}
			}
		},
		"animation.player.hammer_tool": {
			"loop": true,
			"bones": {
			    "rightitem": {
			        "position": [ 0, -1, 0.5],
					"rotation": [90, 0, 90]
				}
			}
		}
	}
}