{
  "format_version": "1.11.0",
  "minecraft:entity": {
    "description": {
      "identifier": "minecraft:player",
      "is_spawnable": false,
      "is_summonable": false,
      "is_experimental": false,
      "scripts": {
        "animate": [
          "walk"
        ]
      },
	  "animations": {
	    "walk": "controller.animation.player",
	    "wood_hammer": "controller.animation.wood_hammer",
	    "stone_hammer": "controller.animation.stone_hammer",
	    "gold_hammer": "controller.animation.gold_hammer",
	    "iron_hammer": "controller.animation.iron_hammer",
	    "diamond_hammer": "controller.animation.diamond_hammer",
	    "obsidian_hammer": "controller.animation.obsidian_hammer",
	    "wood_hammer_down": "controller.animation.wood_hammer_down",
	    "gold_hammer_down": "controller.animation.gold_hammer_down",
	    "stone_hammer_down": "controller.animation.stone_hammer_down",
	    "iron_hammer_down": "controller.animation.iron_hammer_down",
	    "diamond_hammer_down": "controller.animation.diamond_hammer_down",
	    "obsidian_hammer_down": "controller.animation.obsidian_hammer_down"
	  }
    },
    "component_groups": {
      "minecraft:normal_player": {
        "minecraft:attack": {
          "damage": 1
        },
        "minecraft:health": {
          "value": 20,
          "max": 20
        },
        "minecraft:mark_variant": {
          "value": 0
        }
      },
      "minecraft:wood_hammer": {
        "minecraft:attack": {
          "damage": 5
        }
      },
      "minecraft:stone_hammer": {
        "minecraft:attack": {
          "damage": 6
        }
      },
      "minecraft:gold_hammer": {
        "minecraft:attack": {
          "damage": 5
        }
      },
      "minecraft:iron_hammer": {
        "minecraft:attack": {
          "damage": 7
        }
      },
      "minecraft:diamond_hammer": {
        "minecraft:attack": {
          "damage": 8
        }
      },
      "minecraft:obsidian_hammer": {
        "minecraft:attack": {
          "damage": 10
        }
      },
      "minecraft:wood_hammer_down": {
        "minecraft:mark_variant": {
          "value": 1
        }
      },
      "minecraft:gold_hammer_down": {
        "minecraft:mark_variant": {
          "value": 2
        }
      },
      "minecraft:stone_hammer_down": {
        "minecraft:mark_variant": {
          "value": 3
        }
      },
      "minecraft:iron_hammer_down": {
        "minecraft:mark_variant": {
          "value": 4
        }
      },
      "minecraft:diamond_hammer_down": {
        "minecraft:mark_variant": {
          "value": 5
        }
      },
      "minecraft:obsidian_hammer_down": {
        "minecraft:mark_variant": {
          "value": 6
        }
      },
      "minecraft:add_bad_omen": {
        "minecraft:spell_effects": {
          "add_effects": [
            {
              "effect": "bad_omen",
              "duration": 6000,
              "display_on_screen_animation": true
            }
          ]
        },
        "minecraft:timer": {
          "time": [
            0,
            0
          ],
          "looping": false,
          "time_down_event": {
            "event": "minecraft:clear_add_bad_omen",
            "target": "self"
          }
        }
      },
      "minecraft:clear_bad_omen_spell_effect": {
        "minecraft:spell_effects": {}
      },
      "minecraft:raid_trigger": {
        "minecraft:raid_trigger": {
          "triggered_event": {
            "event": "minecraft:remove_raid_trigger",
            "target": "self"
          }
        },
        "minecraft:spell_effects": {
          "remove_effects": "bad_omen"
        }
      }
    },
    "components": {
      "minecraft:scheduler": {
        "scheduled_events": [
          {
            "scheduled_event": {
              "filters": {
                "all_of": [
                  {
                    "test": "has_equipment",
                    "subject": "self",
                    "domain": "hand",
                    "value": "new:wood_hammer"
                  },
                  {
                    "test": "is_sneaking",
                    "subject": "self",
                    "domain": "hand",
                    "value": false
                  }
                ]
              },
              "event": "new:event_wood_hammer_down"
            }
          },
          {
            "scheduled_event": {
              "filters": {
                "all_of": [
                  {
                    "test": "has_equipment",
                    "subject": "self",
                    "domain": "hand",
                    "value": "new:gold_hammer"
                  },
                  {
                    "test": "is_sneaking",
                    "subject": "self",
                    "domain": "hand",
                    "value": false
                  }
                ]
              },
              "event": "new:event_gold_hammer_down"
            }
          },
          {
            "scheduled_event": {
              "filters": {
                "all_of": [
                  {
                    "test": "has_equipment",
                    "subject": "self",
                    "domain": "hand",
                    "value": "new:stone_hammer"
                  },
                  {
                    "test": "is_sneaking",
                    "subject": "self",
                    "domain": "hand",
                    "value": false
                  }
                ]
              },
              "event": "new:event_stone_hammer_down"
            }
          },
          {
            "scheduled_event": {
              "filters": {
                "all_of": [
                  {
                    "test": "has_equipment",
                    "subject": "self",
                    "domain": "hand",
                    "value": "new:iron_hammer"
                  },
                  {
                    "test": "is_sneaking",
                    "subject": "self",
                    "domain": "hand",
                    "value": false
                  }
                ]
              },
              "event": "new:event_iron_hammer_down"
            }
          },
          {
            "scheduled_event": {
              "filters": {
                "all_of": [
                  {
                    "test": "has_equipment",
                    "subject": "self",
                    "domain": "hand",
                    "value": "new:diamond_hammer"
                  },
                  {
                    "test": "is_sneaking",
                    "subject": "self",
                    "domain": "hand",
                    "value": false
                  }
                ]
              },
              "event": "new:event_diamond_hammer_down"
            }
          },
          {
            "scheduled_event": {
              "filters": {
                "all_of": [
                  {
                    "test": "has_equipment",
                    "subject": "self",
                    "domain": "hand",
                    "value": "new:obsidian_hammer"
                  },
                  {
                    "test": "is_sneaking",
                    "subject": "self",
                    "domain": "hand",
                    "value": false
                  }
                ]
              },
              "event": "new:event_obsidian_hammer_down"
            }
          }
        ]
      },
      "minecraft:type_family": {
        "family": [
          "player"
        ]
      },
      "minecraft:is_hidden_when_invisible": {},
      "minecraft:movement": {
        "value": 0.1
      },
      "minecraft:loot": {
        "table": "loot_tables/empty.json"
      },
      "minecraft:collision_box": {
        "width": 0.6,
        "height": 1.8
      },
      "minecraft:can_climb": {},
      "minecraft:player.saturation": {
        "value": 20
      },
      "minecraft:player.exhaustion": {
        "value": 0,
        "max": 4
      },
      "minecraft:player.level": {
        "value": 0,
        "max": 24791
      },
      "minecraft:player.experience": {
        "value": 0,
        "max": 1
      },
      "minecraft:breathable": {
        "totalSupply": 15,
        "suffocateTime": -1,
        "inhaleTime": 3.75,
        "generatesBubbles": false
      },
      "minecraft:nameable": {
        "alwaysShow": true,
        "allowNameTagRenaming": false
      },
      "minecraft:physics": {},
      "minecraft:insomnia": {
        "days_until_insomnia": 3
      },
      "minecraft:rideable": {
        "seat_count": 2,
        "family_types": [
          "parrot_tame"
        ],
        "pull_in_entities": true,
        "seats": [
          {
            "position": [
              0.4,
              -0.15,
              0.04
            ],
            "min_rider_count": 0,
            "max_rider_count": 0,
            "lock_rider_rotation": 0
          },
          {
            "position": [
              -0.4,
              -0.15,
              0.04
            ],
            "min_rider_count": 1,
            "max_rider_count": 2,
            "lock_rider_rotation": 0
          }
        ]
      },
      "minecraft:scaffolding_climber": {},
      "minecraft:environment_sensor": [
        {
          "on_environment": {
            "filters": {
              "all_of": [
                {
                  "test": "has_mob_effect",
                  "subject": "self",
                  "value": "bad_omen"
                },
                {
                  "test": "is_in_village",
                  "subject": "self",
                  "value": true
                }
              ]
            },
            "event": "minecraft:trigger_raid"
          }
        },
        {
          "on_environment": {
            "filters": {
              "all_of": [
                {
                  "test": "is_family",
                  "subject": "self",
                  "value": "player"
                }
              ]
            },
            "event": "minecraft:event_normal_player"
          }
        },
        {
          "on_environment": {
            "filters": {
              "all_of": [
                {
                  "test": "has_equipment",
                  "subject": "self",
                  "domain": "hand",
                  "value": "new:wood_hammer"
                }
              ]
            },
            "event": "new:event_wood_hammer"
          }
        },
        {
          "on_environment": {
            "filters": {
              "all_of": [
                {
                  "test": "has_equipment",
                  "subject": "self",
                  "domain": "hand",
                  "value": "new:stone_hammer"
                }
              ]
            },
            "event": "new:event_stone_hammer"
          }
        },
        {
          "on_environment": {
            "filters": {
              "all_of": [
                {
                  "test": "has_equipment",
                  "subject": "self",
                  "domain": "hand",
                  "value": "new:gold_hammer"
                }
              ]
            },
            "event": "new:event_gold_hammer"
          }
        },
        {
          "on_environment": {
            "filters": {
              "all_of": [
                {
                  "test": "has_equipment",
                  "subject": "self",
                  "domain": "hand",
                  "value": "new:iron_hammer"
                }
              ]
            },
            "event": "new:event_iron_hammer"
          }
        },
        {
          "on_environment": {
            "filters": {
              "all_of": [
                {
                  "test": "has_equipment",
                  "subject": "self",
                  "domain": "hand",
                  "value": "new:diamond_hammer"
                }
              ]
            },
            "event": "new:event_diamond_hammer"
          }
        },
        {
          "on_environment": {
            "filters": {
              "all_of": [
                {
                  "test": "has_equipment",
                  "subject": "self",
                  "domain": "hand",
                  "value": "new:obsidian_hammer"
                }
              ]
            },
            "event": "new:event_obsidian_hammer"
          }
        }
      ]
    },
    "events": {
      "minecraft:event_normal_player": {
        "add": {
          "component_groups": [
            "minecraft:normal_player"
          ]
        }
      },
      "new:event_wood_hammer_down": {
        "add": {
          "component_groups": [
            "minecraft:wood_hammer_down"
          ]
        }
      },
      "new:event_gold_hammer_down": {
        "add": {
          "component_groups": [
            "minecraft:gold_hammer_down"
          ]
        }
      },
      "new:event_stone_hammer_down": {
        "add": {
          "component_groups": [
            "minecraft:stone_hammer_down"
          ]
        }
      },
      "new:event_iron_hammer_down": {
        "add": {
          "component_groups": [
            "minecraft:iron_hammer_down"
          ]
        }
      },
      "new:event_diamond_hammer_down": {
        "add": {
          "component_groups": [
            "minecraft:diamond_hammer_down"
          ]
        }
      },
      "new:event_obsidian_hammer_down": {
        "add": {
          "component_groups": [
            "minecraft:obsidian_hammer_down"
          ]
        },
        "remove": {
          "component_groups": [
            "minecraft:wood_hammer",
            "minecraft:stone_hammer",
            "minecraft:gold_hammer",
            "minecraft:iron_hammer",
            "minecraft:diamond_hammer",
            "minecraft:obsidian_hammer"
          ]
        }
      },
      "new:event_wood_hammer": {
        "add": {
          "component_groups": [
            "minecraft:wood_hammer"
          ]
        }
      },
      "new:event_stone_hammer": {
        "add": {
          "component_groups": [
            "minecraft:stone_hammer"
          ]
        }
      },
      "new:event_gold_hammer": {
        "add": {
          "component_groups": [
            "minecraft:gold_hammer"
          ]
        }
      },
      "new:event_iron_hammer": {
        "add": {
          "component_groups": [
            "minecraft:iron_hammer" 
          ]
        }
      },
      "new:event_diamond_hammer": {
        "add": {
          "component_groups": [
            "minecraft:diamond_hammer"
          ]
        }
      },
      "new:event_obsidian_hammer": {
        "add": {
          "component_groups": [
            "minecraft:obsidian_hammer"
          ]
        }
      },
      "minecraft:gain_bad_omen": {
        "add": {
          "component_groups": [
            "minecraft:add_bad_omen"
          ]
        }
      },
      "minecraft:clear_add_bad_omen": {
        "remove": {
          "component_groups": [
            "minecraft:add_bad_omen"
          ]
        },
        "add": {
          "component_groups": [
            "minecraft:clear_bad_omen_spell_effect"
          ]
        }
      },
      "minecraft:trigger_raid": {
        "add": {
          "component_groups": [
            "minecraft:raid_trigger"
          ]
        }
      },
      "minecraft:remove_raid_trigger": {
        "remove": {
          "component_groups": [
            "minecraft:raid_trigger"
          ]
        }
      }
    }
  }
}