{
  "format_version": "1.16.100",
  "minecraft:item": {
    "description": {
      "identifier": "new:iron_great_axe",
      "category": "equipment"
    },
    "components": {
      "minecraft:creative_category": {
        "parent": "itemGroup.name.axe"
      },
      "minecraft:render_offset": {
        "main_hand": {
          "first_person": {
            "scale": 0
          },
          "third_person": {
            "scale": 0
          }
        }
      },
      "minecraft:hand_equipped": false,
      "minecraft:max_stack_size": 1,
      "minecraft:durability": {
        "max_durability": 250
      },
      "minecraft:repairable": {
        "repair_items": [
          {
            "items": [
              "minecraft:iron_ingot",
              "new:iron_great_axe"
            ]
          }
        ]
      },
      "minecraft:icon": {
        "texture": "iron_great_axe"
      },
      "minecraft:display_name": {},
      "tag:minecraft:is_axe": {},
      "minecraft:mining_speed": 8,
      "minecraft:damage": 5,
      "minecraft:enchantable": {
        "value": 10,
        "slot": "axe"
      },
      "minecraft:can_destroy_in_creative": false,
      "minecraft:digger": {
        "on_dig": {
          "event": "new:durability_attack",
          "target": "self"
        },
        "use_efficiency": true,
        "destroy_speeds": [
          {
            "block": "minecraft:log",
            "speed": 4,
            "on_dig": {
              "event": "durability.function",
              "target": "self"
            }
          },
          {
            "block": "minecraft:log2",
            "speed": 4,
            "on_dig": {
              "event": "durability.function",
              "target": "self"
            }
          },
          {
            "block": "minecraft:planks",
            "speed": 4,
            "on_dig": {
              "event": "durability_pickaxe",
              "target": "self"
            }
          },
          {
            "block": "minecraft:chest",
            "speed": 4,
            "on_dig": {
              "event": "durability_pickaxe",
              "target": "self"
            }
          },
          {
            "block": "minecraft:crafting_table",
            "speed": 4,
            "on_dig": {
              "event": "durability_pickaxe",
              "target": "self"
            }
          },
          {
            "block": "minecraft:double_stone_slab",
            "speed": 4,
            "on_dig": {
              "event": "durability_pickaxe",
              "target": "self"
            }
          },
          {
            "block": "minecraft:oak_stairs",
            "speed": 4,
            "on_dig": {
              "event": "durability_pickaxe",
              "target": "self"
            }
          },
          {
            "block": "minecraft:bookshelf",
            "speed": 4,
            "on_dig": {
              "event": "durability_pickaxe",
              "target": "self"
            }
          },
          {
            "block": "minecraft:standing_sign",
            "speed": 4,
            "on_dig": {
              "event": "durability_pickaxe",
              "target": "self"
            }
          },
          {
            "block": "minecraft:oak_door",
            "speed": 4,
            "on_dig": {
              "event": "durability_pickaxe",
              "target": "self"
            }
          },
          {
            "block": "minecraft:ladder",
            "speed": 4,
            "on_dig": {
              "event": "durability_pickaxe",
              "target": "self"
            }
          },
          {
            "block": "minecraft:wall_sign",
            "speed": 4,
            "on_dig": {
              "event": "durability_pickaxe",
              "target": "self"
            }
          },
          {
            "block": "minecraft:wooden_pressure_plate",
            "speed": 4,
            "on_dig": {
              "event": "durability_pickaxe",
              "target": "self"
            }
          },
          {
            "block": "minecraft:fence",
            "speed": 4,
            "on_dig": {
              "event": "durability_pickaxe",
              "target": "self"
            }
          },
          {
            "block": "minecraft:pumpkin",
            "speed": 4,
            "on_dig": {
              "event": "durability_pickaxe",
              "target": "self"
            }
          },
          {
            "block": "minecraft:lit_pumpkin",
            "speed": 4,
            "on_dig": {
              "event": "durability_pickaxe",
              "target": "self"
            }
          },
          {
            "block": "minecraft:wooden_trapdoor",
            "speed": 4,
            "on_dig": {
              "event": "durability_pickaxe",
              "target": "self"
            }
          },
          {
            "block": "minecraft:acacia_trapdoor",
            "speed": 4,
            "on_dig": {
              "event": "durability_pickaxe",
              "target": "self"
            }
          },
          {
            "block": "minecraft:birch_trapdoor",
            "speed": 4,
            "on_dig": {
              "event": "durability_pickaxe",
              "target": "self"
            }
          },
          {
            "block": "minecraft:dark_oak_trapdoor",
            "speed": 4,
            "on_dig": {
              "event": "durability_pickaxe",
              "target": "self"
            }
          },
          {
            "block": "minecraft:jungle_trapdoor",
            "speed": 4,
            "on_dig": {
              "event": "durability_pickaxe",
              "target": "self"
            }
          },
          {
            "block": "minecraft:spruce_trapdoor",
            "speed": 4,
            "on_dig": {
              "event": "durability_pickaxe",
              "target": "self"
            }
          },
          {
            "block": "minecraft:acacia_pressure_plate",
            "speed": 4,
            "on_dig": {
              "event": "durability_pickaxe",
              "target": "self"
            }
          },
          {
            "block": "minecraft:birch_pressure_plate",
            "speed": 4,
            "on_dig": {
              "event": "durability_pickaxe",
              "target": "self"
            }
          },
          {
            "block": "minecraft:dark_oak_pressure_plate",
            "speed": 4,
            "on_dig": {
              "event": "durability_pickaxe",
              "target": "self"
            }
          },
          {
            "block": "minecraft:jungle_pressure_plate",
            "speed": 4,
            "on_dig": {
              "event": "durability_pickaxe",
              "target": "self"
            }
          },
          {
            "block": "minecraft:spruce_pressure_plate",
            "speed": 4,
            "on_dig": {
              "event": "durability_pickaxe",
              "target": "self"
            }
          },
          {
            "block": "minecraft:carved_pumpkin",
            "speed": 4,
            "on_dig": {
              "event": "durability_pickaxe",
              "target": "self"
            }
          },
          {
            "block": "minecraft:sea_pickle",
            "speed": 4,
            "on_dig": {
              "event": "durability_pickaxe",
              "target": "self"
            }
          },
          {
            "block": "minecraft:spruce_standing_sign",
            "speed": 4,
            "on_dig": {
              "event": "durability_pickaxe",
              "target": "self"
            }
          },
          {
            "block": "minecraft:spruce_wall_sign",
            "speed": 4,
            "on_dig": {
              "event": "durability_pickaxe",
              "target": "self"
            }
          },
          {
            "block": "minecraft:birch_standing_sign",
            "speed": 4,
            "on_dig": {
              "event": "durability_pickaxe",
              "target": "self"
            }
          },
          {
            "block": "minecraft:birch_wall_sign",
            "speed": 4,
            "on_dig": {
              "event": "durability_pickaxe",
              "target": "self"
            }
          },
          {
            "block": "minecraft:jungle_standing_sign",
            "speed": 4,
            "on_dig": {
              "event": "durability_pickaxe",
              "target": "self"
            }
          },
          {
            "block": "minecraft:jungle_wall_sign",
            "speed": 4,
            "on_dig": {
              "event": "durability_pickaxe",
              "target": "self"
            }
          },
          {
            "block": "minecraft:acacia_standing_sign",
            "speed": 4,
            "on_dig": {
              "event": "durability_pickaxe",
              "target": "self"
            }
          },
          {
            "block": "minecraft:acacia_wall_sign",
            "speed": 4,
            "on_dig": {
              "event": "durability_pickaxe",
              "target": "self"
            }
          },
          {
            "block": "minecraft:darkoak_standing_sign",
            "speed": 4,
            "on_dig": {
              "event": "durability_pickaxe",
              "target": "self"
            }
          },
          {
            "block": "minecraft:darkoak_wall_sign",
            "speed": 4,
            "on_dig": {
              "event": "durability_pickaxe",
              "target": "self"
            }
          },
          {
            "block": "minecraft:lectern",
            "speed": 4,
            "on_dig": {
              "event": "durability_pickaxe",
              "target": "self"
            }
          },
          {
            "block": "minecraft:cartography_table",
            "speed": 4,
            "on_dig": {
              "event": "durability_pickaxe",
              "target": "self"
            }
          },
          {
            "block": "minecraft:fletching_table",
            "speed": 4,
            "on_dig": {
              "event": "durability_pickaxe",
              "target": "self"
            }
          },
          {
            "block": "minecraft:barrel",
            "speed": 4,
            "on_dig": {
              "event": "durability_pickaxe",
              "target": "self"
            }
          },
          {
            "block": "minecraft:loom",
            "speed": 4,
            "on_dig": {
              "event": "durability_pickaxe",
              "target": "self"
            }
          },
          {
            "block": "minecraft:campfire",
            "speed": 4,
            "on_dig": {
              "event": "durability_pickaxe",
              "target": "self"
            }
          },
          {
            "block": "minecraft:wood",
            "speed": 4,
            "on_dig": {
              "event": "durability_pickaxe",
              "target": "self"
            }
          },
          {
            "block": "minecraft:crimson_stem",
            "speed": 4,
            "on_dig": {
              "event": "durability.function",
              "target": "self"
            }
          },
          {
            "block": "minecraft:warped_stem",
            "speed": 4,
            "on_dig": {
              "event": "durability.function",
              "target": "self"
            }
          },
          {
            "block": "minecraft:warped_wart_block",
            "speed": 4,
            "on_dig": {
              "event": "durability_pickaxe",
              "target": "self"
            }
          },
          {
            "block": "minecraft:crimson_nylium",
            "speed": 4,
            "on_dig": {
              "event": "durability_pickaxe",
              "target": "self"
            }
          },
          {
            "block": "minecraft:stripped_crimson_stem",
            "speed": 4,
            "on_dig": {
              "event": "durability_pickaxe",
              "target": "self"
            }
          },
          {
            "block": "minecraft:stripped_warped_stem",
            "speed": 4,
            "on_dig": {
              "event": "durability_pickaxe",
              "target": "self"
            }
          },
          {
            "block": "minecraft:crimson_planks",
            "speed": 4,
            "on_dig": {
              "event": "durability_pickaxe",
              "target": "self"
            }
          },
          {
            "block": "minecraft:warped_planks",
            "speed": 4,
            "on_dig": {
              "event": "durability_pickaxe",
              "target": "self"
            }
          },
          {
            "block": "minecraft:crimson_door",
            "speed": 4,
            "on_dig": {
              "event": "durability_pickaxe",
              "target": "self"
            }
          },
          {
            "block": "minecraft:warped_door",
            "speed": 4,
            "on_dig": {
              "event": "durability_pickaxe",
              "target": "self"
            }
          },
          {
            "block": "minecraft:crimson_trapdoor",
            "speed": 4,
            "on_dig": {
              "event": "durability_pickaxe",
              "target": "self"
            }
          },
          {
            "block": "minecraft:warped_trapdoor",
            "speed": 4,
            "on_dig": {
              "event": "durability_pickaxe",
              "target": "self"
            }
          },
          {
            "block": "minecraft:crimson_standing_sign",
            "speed": 4,
            "on_dig": {
              "event": "durability_pickaxe",
              "target": "self"
            }
          },
          {
            "block": "minecraft:warped_standing_sign",
            "speed": 4,
            "on_dig": {
              "event": "durability_pickaxe",
              "target": "self"
            }
          },
          {
            "block": "minecraft:crimson_wall_sign",
            "speed": 4,
            "on_dig": {
              "event": "durability_pickaxe",
              "target": "self"
            }
          },
          {
            "block": "minecraft:warped_wall_sign",
            "speed": 4,
            "on_dig": {
              "event": "durability_pickaxe",
              "target": "self"
            }
          },
          {
            "block": "minecraft:crimson_stairs",
            "speed": 4,
            "on_dig": {
              "event": "durability_pickaxe",
              "target": "self"
            }
          },
          {
            "block": "minecraft:warped_stairs",
            "speed": 4,
            "on_dig": {
              "event": "durability_pickaxe",
              "target": "self"
            }
          },
          {
            "block": "minecraft:crimson_fence",
            "speed": 4,
            "on_dig": {
              "event": "durability_pickaxe",
              "target": "self"
            }
          },
          {
            "block": "minecraft:warped_fence",
            "speed": 4,
            "on_dig": {
              "event": "durability_pickaxe",
              "target": "self"
            }
          },
          {
            "block": "minecraft:crimson_fence_gate",
            "speed": 4,
            "on_dig": {
              "event": "durability_pickaxe",
              "target": "self"
            }
          },
          {
            "block": "minecraft:warped_fence_gate",
            "speed": 4,
            "on_dig": {
              "event": "durability_pickaxe",
              "target": "self"
            }
          },
          {
            "block": "minecraft:crimson_double_slab",
            "speed": 4,
            "on_dig": {
              "event": "durability_pickaxe",
              "target": "self"
            }
          },
          {
            "block": "minecraft:warped_double_slab",
            "speed": 4,
            "on_dig": {
              "event": "durability_pickaxe",
              "target": "self"
            }
          },
          {
            "block": "minecraft:warped_slab",
            "speed": 4,
            "on_dig": {
              "event": "durability_pickaxe",
              "target": "self"
            }
          },
          {
            "block": "minecraft:crimson_slab",
            "speed": 4,
            "on_dig": {
              "event": "durability_pickaxe",
              "target": "self"
            }
          },
          {
            "block": "minecraft:warped_pressure_plate",
            "speed": 4,
            "on_dig": {
              "event": "durability_pickaxe",
              "target": "self"
            }
          },
          {
            "block": "minecraft:crimson_pressure_plate",
            "speed": 4,
            "on_dig": {
              "event": "durability_pickaxe",
              "target": "self"
            }
          },
          {
            "block": "minecraft:warped_button",
            "speed": 4,
            "on_dig": {
              "event": "durability_pickaxe",
              "target": "self"
            }
          },
          {
            "block": "minecraft:crimson_button",
            "speed": 4,
            "on_dig": {
              "event": "durability_pickaxe",
              "target": "self"
            }
          },
          {
            "block": "minecraft:soul_campfire",
            "speed": 4,
            "on_dig": {
              "event": "durability_pickaxe",
              "target": "self"
            }
          },
          {
            "block": "minecraft:spruce_door",
            "speed": 4,
            "on_dig": {
              "event": "durability_pickaxe",
              "target": "self"
            }
          },
          {
            "block": "minecraft:birch_door",
            "speed": 4,
            "on_dig": {
              "event": "durability_pickaxe",
              "target": "self"
            }
          },
          {
            "block": "minecraft:jungle_door",
            "speed": 4,
            "on_dig": {
              "event": "durability_pickaxe",
              "target": "self"
            }
          },
          {
            "block": "minecraft:acacia_door",
            "speed": 4,
            "on_dig": {
              "event": "durability_pickaxe",
              "target": "self"
            }
          },
          {
            "block": "minecraft:dark_oak_door",
            "speed": 4,
            "on_dig": {
              "event": "durability_pickaxe",
              "target": "self"
            }
          },
          {
            "block": "minecraft:acacia_fence_gate",
            "speed": 4,
            "on_dig": {
              "event": "durability_pickaxe",
              "target": "self"
            }
          },
          {
            "block": "minecraft:dark_oak_fence_gate",
            "speed": 4,
            "on_dig": {
              "event": "durability_pickaxe",
              "target": "self"
            }
          },
          {
            "block": "minecraft:jungle_fence_gate",
            "speed": 4,
            "on_dig": {
              "event": "durability_pickaxe",
              "target": "self"
            }
          },
          {
            "block": "minecraft:birch_fence_gate",
            "speed": 4,
            "on_dig": {
              "event": "durability_pickaxe",
              "target": "self"
            }
          },
          {
            "block": "minecraft:spruce_fence_gate",
            "speed": 4,
            "on_dig": {
              "event": "durability_pickaxe",
              "target": "self"
            }
          },
          {
            "block": "minecraft:acacia_stairs",
            "speed": 4,
            "on_dig": {
              "event": "durability_pickaxe",
              "target": "self"
            }
          },
          {
            "block": "minecraft:dark_oak_stairs",
            "speed": 4,
            "on_dig": {
              "event": "durability_pickaxe",
              "target": "self"
            }
          },
          {
            "block": "minecraft:trapped_chest",
            "speed": 4,
            "on_dig": {
              "event": "durability_pickaxe",
              "target": "self"
            }
          },
          {
            "block": "minecraft:jungle_stairs",
            "speed": 4,
            "on_dig": {
              "event": "durability_pickaxe",
              "target": "self"
            }
          },
          {
            "block": "minecraft:birch_stairs",
            "speed": 4,
            "on_dig": {
              "event": "durability_pickaxe",
              "target": "self"
            }
          },
          {
            "block": "minecraft:spruce_stairs",
            "speed": 4,
            "on_dig": {
              "event": "durability_pickaxe",
              "target": "self"
            }
          },
          {
            "block": "minecraft:ender_chest",
            "speed": 4,
            "on_dig": {
              "event": "durability_pickaxe",
              "target": "self"
            }
          },
          {
            "block": "minecraft:fence_gate",
            "speed": 4,
            "on_dig": {
              "event": "durability_pickaxe",
              "target": "self"
            }
          },
          {
            "block": "minecraft:red_mushroom_block",
            "speed": 4,
            "on_dig": {
              "event": "durability_pickaxe",
              "target": "self"
            }
          },
          {
            "block": "minecraft:melon_block",
            "speed": 4,
            "on_dig": {
              "event": "durability_pickaxe",
              "target": "self"
            }
          },
          {
            "block": "minecraft:wooden_button",
            "speed": 4,
            "on_dig": {
              "event": "durability_pickaxe",
              "target": "self"
            }
          },
          {
            "block": "minecraft:double_wooden_slab",
            "speed": 4,
            "on_dig": {
              "event": "durability_pickaxe",
              "target": "self"
            }
          },
          {
            "block": "minecraft:wooden_slab",
            "speed": 4,
            "on_dig": {
              "event": "durability_pickaxe",
              "target": "self"
            }
          }
        ]
      }
    },
    "events": {
      "durability.function": {
        "sequence": [
          {
            "damage": {
              "type": "durability",
              "amount": 2
            }
          },
          {
            "run_command": {
              "command": [
                "summon new:great_axe ~~~ new:great_axe"
              ],
              "target": "block"
            }
          }
        ]
      },
      "new:durability_attack": {
        "damage": {
          "type": "durability",
          "amount": 1
        }
      },
      "durability_pickaxe": {
        "sequence": [
          {
            "damage": {
              "type": "durability",
              "amount": 1
            }
          }
        ]
      }
    }
  }
}